/*Esquema de la tabla ISR donde se almacenara la información base del ISR*/
CREATE TABLE isr(
	isr_id INT NOT NULL PRIMARY KEY,
	isr_anio INT NOT NULL,
	isr_prd INT
);
COMMENT ON COLUMN isr.isr_id IS 'Identificador principal de la tabla.';
COMMENT ON COLUMN isr.isr_anio IS 'Anio al que pertenece la informacion del ISR.';
COMMENT ON COLUMN isr.isr_prd IS 'Periodo del de ISR (1 = Diario, 7 = Semanal, 10 = Decenal, 15 = Quincenal, 30 = Mensual, 365 = Anual).';

/*Esquema de la tabla ISRP donde se almacenaran los conceptos del ISR*/
CREATE TABLE isrc(
	isrc_id INT NOT NULL PRIMARY KEY,
	isrc_isr_id INT NOT NULL,
	isrc_li NUMERIC(18,4),
	isrc_ls NUMERIC(18,4),
	isrc_cuota NUMERIC(18,4),
	isrc_exc NUMERIC(18,4)
);
COMMENT ON COLUMN isrc.isrc_id IS 'Identificador principal de la tabla.';
COMMENT ON COLUMN isrc.isrc_isr_id IS 'Identificador de la tabla ISR.';
COMMENT ON COLUMN isrc.isrc_li IS 'Limite inferior.';
COMMENT ON COLUMN isrc.isrc_ls IS 'Limite superior.';
COMMENT ON COLUMN isrc.isrc_cuota IS 'Cuota fija.';
COMMENT ON COLUMN isrc.isrc_exc IS 'Por ciento aplicable sobre el excendente del limite inferior.';

/*Esquema de la tabla SBSD donde se almacenaran los subsidios respecto al ISR*/
CREATE TABLE sbsd(
	sbsd_id INT NOT NULL PRIMARY KEY,
	sbsd_isr_id INT NOT NULL,
	sbsd_para NUMERIC(18,4),
	sbsd_hasta NUMERIC(18,4),
	sbsd_cntdd NUMERIC(18,4)
);
COMMENT ON COLUMN sbsd.sbsd_id IS 'Identificador principal de la tabla.';
COMMENT ON COLUMN sbsd.sbsd_isr_id IS 'Identificador de la tabla ISR.';
COMMENT ON COLUMN sbsd.sbsd_para IS 'Para ingresos de.';
COMMENT ON COLUMN sbsd.sbsd_hasta IS 'Hasta ingresos de.';
COMMENT ON COLUMN sbsd.sbsd_cntdd IS 'Cantidad de subsidio para el empleo diario.';

/*Esquema de la tabla UMA donse se almacenara la informacion del UMA*/
CREATE TABLE uma(
	uma_id INT NOT NULL PRIMARY KEY,
	uma_anio INT NOT NULL,
	uma_diario NUMERIC(18,4),
	uma_mensual NUMERIC(18,4),
	uma_anual NUMERIC(18,4)
);
COMMENT ON COLUMN uma.uma_id IS 'Identificador principal de la tabla.';
COMMENT ON COLUMN uma.uma_anio IS 'Anio al que pertenece la informacion del UMA.';
COMMENT ON COLUMN uma.uma_diario IS 'Valor diario del UMA.';
COMMENT ON COLUMN uma.uma_mensual IS 'Valor mensual del UMA.';
COMMENT ON COLUMN uma.uma_anual IS 'Valor anual del UMA.';

/*Esquema de la tabla SM donde se almacenara la informacion del salario minimo*/
CREATE TABLE sm(
	sm_id INT NOT NULL PRIMARY KEY,
	sm_anio INT NOT NULL,
	sm_salario NUMERIC(18,4)
);
COMMENT ON COLUMN sm.sm_id IS 'Identificador principal de la tabla.';
COMMENT ON COLUMN sm.sm_anio IS 'Anio al que pertenece la informacion del ISR.';
COMMENT ON COLUMN sm.sm_salario IS 'Valor del salario minimo.';

/*Esquema de la tabla SM donde se almacenara la informacion para la produccion*/
CREATE TABLE prod(
	prod_id INT NOT NULL PRIMARY KEY,
	prod_tipo INT NOT NULL,
	prod_factor NUMERIC(18,4),
	prod_monto NUMERIC(18,4)
);
COMMENT ON COLUMN prod.prod_id IS 'Identificador principal de la tabla.';
COMMENT ON COLUMN prod.prod_tipo IS 'Tipo de produccion (1 = Auxiliar, 2 = Maestro, 3 = Oficial, 4 = Supervisor, 5 = Jefe, 6 = Gerente).';
COMMENT ON COLUMN prod.prod_factor IS 'Valor del factor para la produccion.';
COMMENT ON COLUMN prod.prod_monto IS 'Valor del monto para la produccion.';

/*Valores de la tabla ISR*/
INSERT INTO isr VALUES(1, 2019, 1);
INSERT INTO isr VALUES(2, 2019, 7);
INSERT INTO isr VALUES(3, 2019, 10);
INSERT INTO isr VALUES(4, 2019, 15);
INSERT INTO isr VALUES(5, 2019, 30);
INSERT INTO isr VALUES(6, 2019, 365);
INSERT INTO isr VALUES(7, 2020, 1);
INSERT INTO isr VALUES(8, 2020, 7);
INSERT INTO isr VALUES(9, 2020, 10);
INSERT INTO isr VALUES(10, 2020, 15);
INSERT INTO isr VALUES(11, 2020, 30);
INSERT INTO isr VALUES(12, 2020, 365);
INSERT INTO isr VALUES(13, 2021, 1);
INSERT INTO isr VALUES(14, 2021, 7);
INSERT INTO isr VALUES(15, 2021, 10);
INSERT INTO isr VALUES(16, 2021, 15);
INSERT INTO isr VALUES(17, 2021, 30);
INSERT INTO isr VALUES(18, 2021, 365);
INSERT INTO isr VALUES(19, 2018, 1);
INSERT INTO isr VALUES(20, 2018, 7);
INSERT INTO isr VALUES(21, 2018, 10);
INSERT INTO isr VALUES(22, 2018, 15);
INSERT INTO isr VALUES(23, 2018, 30);
INSERT INTO isr VALUES(24, 2018, 365);

/*Valores de la tabla ISRC*/
INSERT INTO isrc VALUES(1, 1, 0.01, 19.03, 0.00, 1.92);
INSERT INTO isrc VALUES(2, 1, 19.04, 161.52, 0.37, 6.40);
INSERT INTO isrc VALUES(3, 1, 161.53, 283.86, 9.48, 10.88);
INSERT INTO isrc VALUES(4, 1, 283.87, 329.97, 22.79, 16.00);
INSERT INTO isrc VALUES(5, 1, 329.98, 395.06, 30.17, 17.92);
INSERT INTO isrc VALUES(6, 1, 395.07, 796.79, 41.84, 21.36);
INSERT INTO isrc VALUES(7, 1, 796.80, 1255.85, 127.65, 23.52);
INSERT INTO isrc VALUES(8, 1, 1255.86, 2397.62, 235.62, 30.00);
INSERT INTO isrc VALUES(9, 1, 2397.63, 3196.82, 578.15, 32.00);
INSERT INTO isrc VALUES(10, 1, 3196.83, 9590.46, 833.89, 34.00);
INSERT INTO isrc VALUES(11, 1, 9590.47, En.adelante, 3007.73, 35.00);
INSERT INTO isrc VALUES(12, 2, 0.01, 133.21, 0.00, 1.92);
INSERT INTO isrc VALUES(13, 2, 133.22, 1130.64, 2.59, 6.40);
INSERT INTO isrc VALUES(14, 2, 1130.65, 1987.02, 66.36, 10.88);
INSERT INTO isrc VALUES(15, 2, 1987.03, 2309.79, 159.53, 16.00);
INSERT INTO isrc VALUES(16, 2, 2309.80, 2765.42, 211.19, 17.92);
INSERT INTO isrc VALUES(17, 2, 2765.43, 5577.53, 292.88, 21.36);
INSERT INTO isrc VALUES(18, 2, 5577.54, 8790.95, 893.55, 23.52);
INSERT INTO isrc VALUES(19, 2, 8790.96, 16783.34, 1649.34, 30.00);
INSERT INTO isrc VALUES(20, 2, 16783.35, 22377.74, 4047.05, 32.00);
INSERT INTO isrc VALUES(21, 2, 22377.75, 67133.22, 5837.23, 34.00);
INSERT INTO isrc VALUES(22, 2, 67133.23, En.adelante, 21054.11, 35.00);
INSERT INTO isrc VALUES(23, 3, 0.01, 190.30, 0.00, 1.92);
INSERT INTO isrc VALUES(24, 3, 190.31, 1615.20, 3.70, 6.40);
INSERT INTO isrc VALUES(25, 3, 1615.21, 2838.60, 94.80, 10.88);
INSERT INTO isrc VALUES(26, 3, 2838.61, 3299.70, 227.90, 16.00);
INSERT INTO isrc VALUES(27, 3, 3299.71, 3950.60, 301.70, 17.92);
INSERT INTO isrc VALUES(28, 3, 3950.61, 7967.90, 418.40, 21.36);
INSERT INTO isrc VALUES(29, 3, 7967.91, 12558.50, 1276.50, 23.52);
INSERT INTO isrc VALUES(30, 3, 12558.51, 23976.20, 2356.20, 30.00);
INSERT INTO isrc VALUES(31, 3, 23976.21, 31968.20, 5781.50, 32.00);
INSERT INTO isrc VALUES(32, 3, 31968.21, 95904.60, 8338.90, 34.00);
INSERT INTO isrc VALUES(33, 3, 95904.61, En.adelante, 30077.30, 35.00);
INSERT INTO isrc VALUES(35, 4, 0.01, 285.45, 0.00, 1.92);
INSERT INTO isrc VALUES(34, 4, 285.46, 2422.80, 5.55, 6.40);
INSERT INTO isrc VALUES(36, 4, 2422.81, 4257.90, 142.20, 10.88);
INSERT INTO isrc VALUES(37, 4, 4257.91, 4949.55, 341.85, 16.00);
INSERT INTO isrc VALUES(38, 4, 4949.56, 5925.90, 452.55, 17.92);
INSERT INTO isrc VALUES(39, 4, 5925.91, 11951.85, 627.60, 21.36);
INSERT INTO isrc VALUES(40, 4, 11951.86, 18837.75, 1914.75, 23.52);
INSERT INTO isrc VALUES(41, 4, 18837.76, 35964.30, 3534.30, 30.00);
INSERT INTO isrc VALUES(42, 4, 35964.31, 47952.30, 8672.25, 32.00);
INSERT INTO isrc VALUES(43, 4, 47952.31, 143856.90, 12508.35, 34.00);
INSERT INTO isrc VALUES(44, 4, 143856.91, En.adelante, 45115.95, 35.00);
INSERT INTO isrc VALUES(45, 5, 0.01, 578.52, 0.00, 1.92);
INSERT INTO isrc VALUES(46, 5, 578.53, 4910.18, 11.11, 6.40);
INSERT INTO isrc VALUES(47, 5, 4910.19, 8629.20, 288.33, 10.88);
INSERT INTO isrc VALUES(48, 5, 8629.21, 10031.07, 692.96, 16.00);
INSERT INTO isrc VALUES(49, 5, 10031.08, 12009.94, 917.26, 17.92);
INSERT INTO isrc VALUES(50, 5, 12009.95, 24222.31, 1271.87, 21.36);
INSERT INTO isrc VALUES(51, 5, 24222.32, 38177.69, 3880.44, 23.52);
INSERT INTO isrc VALUES(52, 5, 38177.70, 72887.50, 7162.74, 30.00);
INSERT INTO isrc VALUES(53, 5, 72887.51, 97183.33, 17575.69, 32.00);
INSERT INTO isrc VALUES(54, 5, 97183.34, 291550.00, 25350.35, 34.00);
INSERT INTO isrc VALUES(55, 5, 291550.01, En.adelante, 91435.02, 35.00);
INSERT INTO isrc VALUES(56, 6, 0.01, 6942.20, 0.00, 1.92);
INSERT INTO isrc VALUES(57, 6, 6942.21, 58922.16, 133.28, 6.40);
INSERT INTO isrc VALUES(58, 6, 58922.17, 103550.44, 3460.01, 10.88);
INSERT INTO isrc VALUES(59, 6, 103550.45, 120372.83, 8315.57, 16.00);
INSERT INTO isrc VALUES(60, 6, 120372.84, 144119.23, 11007.14, 17.92);
INSERT INTO isrc VALUES(61, 6, 144119.24, 290667.75, 15262.49, 21.36);
INSERT INTO isrc VALUES(62, 6, 290667.76, 458132.29, 46565.26, 23.52);
INSERT INTO isrc VALUES(63, 6, 458132.30, 874650.00, 85952.92, 30.00);
INSERT INTO isrc VALUES(64, 6, 874650.01, 1166200.00, 210908.23, 32.00);
INSERT INTO isrc VALUES(65, 6, 1166200.01, 3498600.00, 304204.21, 34.00);
INSERT INTO isrc VALUES(66, 6, 3498600.01, En.adelante, 1097220.21, 35.00);
INSERT INTO isrc VALUES(67, 7, 0.01, 19.03, 0.00, 1.92);
INSERT INTO isrc VALUES(68, 7, 19.04, 161.52, 0.37, 6.40);
INSERT INTO isrc VALUES(69, 7, 161.53, 283.86, 9.48, 10.88);
INSERT INTO isrc VALUES(70, 7, 283.87, 329.97, 22.79, 16.00);
INSERT INTO isrc VALUES(71, 7, 329.98, 395.06, 30.17, 17.92);
INSERT INTO isrc VALUES(72, 7, 395.07, 796.79, 41.84, 21.36);
INSERT INTO isrc VALUES(73, 7, 796.80, 1255.85, 127.65, 23.52);
INSERT INTO isrc VALUES(74, 7, 1255.86, 2397.62, 235.62, 30.00);
INSERT INTO isrc VALUES(75, 7, 2397.63, 3196.82, 578.15, 32.00);
INSERT INTO isrc VALUES(76, 7, 3196.83, 9590.46, 833.89, 34.00);
INSERT INTO isrc VALUES(77, 7, 9590.47, En.adelante, 3007.73, 35.00);
INSERT INTO isrc VALUES(78, 8, 0.01, 133.21, 0.00, 1.92);
INSERT INTO isrc VALUES(79, 8, 133.22, 1130.64, 2.59, 6.40);
INSERT INTO isrc VALUES(80, 8, 1130.65, 1987.02, 66.36, 10.88);
INSERT INTO isrc VALUES(81, 8, 1987.03, 2309.79, 159.53, 16.00);
INSERT INTO isrc VALUES(82, 8, 2309.80, 2765.42, 211.19, 17.92);
INSERT INTO isrc VALUES(83, 8, 2765.43, 5577.53, 292.88, 21.36);
INSERT INTO isrc VALUES(84, 8, 5577.54, 8790.95, 893.55, 23.52);
INSERT INTO isrc VALUES(85, 8, 8790.96, 16783.34, 1649.34, 30.00);
INSERT INTO isrc VALUES(86, 8, 16783.35, 22377.74, 4047.05, 32.00);
INSERT INTO isrc VALUES(87, 8, 22377.75, 67133.22, 5837.23, 34.00);
INSERT INTO isrc VALUES(88, 8, 67133.23, En.adelante, 21054.11, 35.00);
INSERT INTO isrc VALUES(89, 9, 0.01, 190.30, 0.00, 1.92);
INSERT INTO isrc VALUES(90, 9, 190.31, 1615.20, 3.70, 6.40);
INSERT INTO isrc VALUES(91, 9, 1615.21, 2838.60, 94.80, 10.88);
INSERT INTO isrc VALUES(92, 9, 2838.61, 3299.70, 227.90, 16.00);
INSERT INTO isrc VALUES(93, 9, 3299.71, 3950.60, 301.70, 17.92);
INSERT INTO isrc VALUES(94, 9, 3950.61, 7967.90, 418.40, 21.36);
INSERT INTO isrc VALUES(95, 9, 7967.91, 12558.50, 1276.50, 23.52);
INSERT INTO isrc VALUES(96, 9, 12558.51, 23976.20, 2356.20, 30.00);
INSERT INTO isrc VALUES(97, 9, 23976.21, 31968.20, 5781.50, 32.00);
INSERT INTO isrc VALUES(98, 9, 31968.21, 95904.60, 8338.90, 34.00);
INSERT INTO isrc VALUES(99, 9, 95904.61, En.adelante, 30077.30, 35.00);
INSERT INTO isrc VALUES(100, 10, 0.01, 285.45, 0.00, 1.92);
INSERT INTO isrc VALUES(101, 10, 285.46, 2422.80, 5.55, 6.40);
INSERT INTO isrc VALUES(102, 10, 2422.81, 4257.90, 142.20, 10.88);
INSERT INTO isrc VALUES(103, 10, 4257.91, 4949.55, 341.85, 16.00);
INSERT INTO isrc VALUES(104, 10, 4949.56, 5925.90, 452.55, 17.92);
INSERT INTO isrc VALUES(105, 10, 5925.91, 11951.85, 627.60, 21.36);
INSERT INTO isrc VALUES(106, 10, 11951.86, 18837.75, 1914.75, 23.52);
INSERT INTO isrc VALUES(107, 10, 18837.76, 35964.30, 3534.30, 30.00);
INSERT INTO isrc VALUES(108, 10, 35964.31, 47952.30, 8672.25, 32.00);
INSERT INTO isrc VALUES(109, 10, 47952.31, 143856.90, 12508.35, 34.00);
INSERT INTO isrc VALUES(110, 10, 143856.91, En.adelante, 45115.95, 35.00);
INSERT INTO isrc VALUES(111, 11, 0.01, 578.52, 0.00, 1.92);
INSERT INTO isrc VALUES(112, 11, 578.53, 4910.18, 11.11, 6.40);
INSERT INTO isrc VALUES(113, 11, 4910.19, 8629.20, 288.33, 10.88);
INSERT INTO isrc VALUES(114, 11, 8629.21, 10031.07, 692.96, 16.00);
INSERT INTO isrc VALUES(115, 11, 10031.08, 12009.94, 917.26, 17.92);
INSERT INTO isrc VALUES(116, 11, 12009.95, 24222.31, 1271.87, 21.36);
INSERT INTO isrc VALUES(117, 11, 24222.32, 38177.69, 3880.44, 23.52);
INSERT INTO isrc VALUES(118, 11, 38177.70, 72887.50, 7162.74, 30.00);
INSERT INTO isrc VALUES(119, 11, 72887.51, 97183.33, 17575.69, 32.00);
INSERT INTO isrc VALUES(120, 11, 97183.34, 291550.00, 25350.35, 34.00);
INSERT INTO isrc VALUES(121, 11, 291550.01, En.adelante, 91435.02, 35.00);
INSERT INTO isrc VALUES(122, 12, 0.01, 6942.20, 0.00, 1.92);
INSERT INTO isrc VALUES(123, 12, 6942.21, 58922.16, 133.28, 6.40);
INSERT INTO isrc VALUES(124, 12, 58922.17, 103550.44, 3460.01, 10.88);
INSERT INTO isrc VALUES(125, 12, 103550.45, 120372.83, 8315.57, 16.00);
INSERT INTO isrc VALUES(126, 12, 120372.84, 144119.23, 11007.14, 17.92);
INSERT INTO isrc VALUES(127, 12, 144119.24, 290667.75, 15262.49, 21.36);
INSERT INTO isrc VALUES(128, 12, 290667.76, 458132.29, 46565.26, 23.52);
INSERT INTO isrc VALUES(129, 12, 458132.30, 874650.00, 85952.92, 30.00);
INSERT INTO isrc VALUES(130, 12, 874650.01, 1166200.00, 210908.23, 32.00);
INSERT INTO isrc VALUES(131, 12, 1166200.01, 3498600.00, 304204.21, 34.00);
INSERT INTO isrc VALUES(132, 12, 3498600.01, En.adelante, 1097220.21, 35.00);
INSERT INTO isrc VALUES(133, 13, 0.01, 21.20, 0.00, 1.92);
INSERT INTO isrc VALUES(134, 13, 21.21, 179.96, 0.41, 6.40);
INSERT INTO isrc VALUES(135, 13, 179.97, 316.27, 10.57, 10.88);
INSERT INTO isrc VALUES(136, 13, 316.28, 367.65, 25.40, 16.00);
INSERT INTO isrc VALUES(137, 13, 367.66, 440.18, 33.62, 17.92);
INSERT INTO isrc VALUES(138, 13, 440.19, 887.78, 46.62, 21.36);
INSERT INTO isrc VALUES(139, 13, 887.79, 1399.26, 142.22, 23.52);
INSERT INTO isrc VALUES(140, 13, 1399.27, 2671.42, 262.52, 30.00);
INSERT INTO isrc VALUES(141, 13, 2671.43, 3561.90, 644.17, 32.00);
INSERT INTO isrc VALUES(142, 13, 3561.91, 10685.69, 929.12, 34.00);
INSERT INTO isrc VALUES(143, 13, 10685.70, En.adelante, 3351.21, 35.00);
INSERT INTO isrc VALUES(144, 14, 0.01, 148.40, 0.00, 1.92);
INSERT INTO isrc VALUES(145, 14, 148.41, 1259.72, 2.87, 6.40);
INSERT INTO isrc VALUES(146, 14, 1259.73, 2213.89, 73.99, 10.88);
INSERT INTO isrc VALUES(147, 14, 2213.90, 2573.55, 177.80, 16.00);
INSERT INTO isrc VALUES(148, 14, 2573.56, 3081.26, 235.34, 17.92);
INSERT INTO isrc VALUES(149, 14, 3081.27, 6214.46, 326.34, 21.36);
INSERT INTO isrc VALUES(150, 14, 6214.47, 9794.82, 995.54, 23.52);
INSERT INTO isrc VALUES(151, 14, 9794.83, 18699.94, 1837.64, 30.00);
INSERT INTO isrc VALUES(152, 14, 18699.95, 24933.30, 4509.19, 32.00);
INSERT INTO isrc VALUES(153, 14, 24933.31, 74799.83, 6503.84, 34.00);
INSERT INTO isrc VALUES(154, 14, 74799.84, En.adelante, 23458.47, 35.00);
INSERT INTO isrc VALUES(155, 15, 0.01, 212.00, 0.00, 1.92);
INSERT INTO isrc VALUES(156, 15, 212.01, 1799.60, 4.10, 6.40);
INSERT INTO isrc VALUES(157, 15, 1799.61, 3162.70, 105.70, 10.88);
INSERT INTO isrc VALUES(158, 15, 3162.71, 3676.50, 254.00, 16.00);
INSERT INTO isrc VALUES(159, 15, 3676.51, 4401.80, 336.20, 17.92);
INSERT INTO isrc VALUES(160, 15, 4401.81, 8877.80, 466.20, 21.36);
INSERT INTO isrc VALUES(161, 15, 8877.81, 13992.60, 1422.20, 23.52);
INSERT INTO isrc VALUES(162, 15, 13992.61, 26714.20, 2625.20, 30.00);
INSERT INTO isrc VALUES(163, 15, 26714.21, 35619.00, 6441.70, 32.00);
INSERT INTO isrc VALUES(164, 15, 35619.01, 106856.90, 9291.20, 34.00);
INSERT INTO isrc VALUES(165, 15, 106856.91, En.adelante, 33512.10, 35.00);
INSERT INTO isrc VALUES(166, 16, 0.01, 318.00, 0.00, 1.92);
INSERT INTO isrc VALUES(167, 16, 318.01, 2699.40, 6.15, 6.40);
INSERT INTO isrc VALUES(168, 16, 2699.41, 4744.05, 158.55, 10.88);
INSERT INTO isrc VALUES(169, 16, 4744.06, 5514.75, 381.00, 16.00);
INSERT INTO isrc VALUES(170, 16, 5514.76, 6602.70, 504.30, 17.92);
INSERT INTO isrc VALUES(171, 16, 6602.71, 13316.70, 699.30, 21.36);
INSERT INTO isrc VALUES(172, 16, 13316.71, 20988.90, 2133.30, 23.52);
INSERT INTO isrc VALUES(173, 16, 20988.91, 40071.30, 3937.80, 30.00);
INSERT INTO isrc VALUES(174, 16, 40071.31, 53428.50, 9662.55, 32.00);
INSERT INTO isrc VALUES(175, 16, 53428.51, 160285.35, 13936.80, 34.00);
INSERT INTO isrc VALUES(176, 16, 160285.36, En.adelante, 50268.15, 35.00);
INSERT INTO isrc VALUES(177, 17, 0.01, 644.58, 0.00, 1.92);
INSERT INTO isrc VALUES(178, 17, 644.59, 5470.92, 12.38, 6.40);
INSERT INTO isrc VALUES(179, 17, 5470.93, 9614.66, 321.26, 10.88);
INSERT INTO isrc VALUES(180, 17, 9614.67, 11176.62, 772.10, 16.00);
INSERT INTO isrc VALUES(181, 17, 11176.63, 13381.47, 1022.01, 17.92);
INSERT INTO isrc VALUES(182, 17, 13381.48, 26988.50, 1417.12, 21.36);
INSERT INTO isrc VALUES(183, 17, 26988.51, 42537.58, 4323.58, 23.52);
INSERT INTO isrc VALUES(184, 17, 42537.59, 81211.25, 7980.73, 30.00);
INSERT INTO isrc VALUES(185, 17, 81211.26, 108281.67, 19582.83, 32.00);
INSERT INTO isrc VALUES(186, 17, 108281.68, 324845.01, 28245.36, 34.00);
INSERT INTO isrc VALUES(187, 17, 324845.02, En.adelante, 101876.90, 35.00);
INSERT INTO isrc VALUES(188, 18, 0.01, 7735.00, 0.00, 1.92);
INSERT INTO isrc VALUES(189, 18, 7735.01, 65651.07, 148.51, 6.40);
INSERT INTO isrc VALUES(190, 18, 65651.08, 115375.90, 3855.14, 10.88);
INSERT INTO isrc VALUES(191, 18, 115375.91, 134119.41, 9265.20, 16.00);
INSERT INTO isrc VALUES(192, 18, 134119.42, 160577.65, 12264.16, 17.92);
INSERT INTO isrc VALUES(193, 18, 160577.66, 323862.00, 17005.47, 21.36);
INSERT INTO isrc VALUES(194, 18, 323862.01, 510451.00, 51883.01, 23.52);
INSERT INTO isrc VALUES(195, 18, 510451.01, 974535.03, 95768.74, 30.00);
INSERT INTO isrc VALUES(196, 18, 974535.04, 1299380.04, 234993.95, 32.00);
INSERT INTO isrc VALUES(197, 18, 1299380.05, 3898140.12, 338944.34, 34.00);
INSERT INTO isrc VALUES(198, 18, 3898140.13, En.adelante, 1222522.76, 35.00);
INSERT INTO isrc VALUES(199, 19, 0.01, 19.03, 0.00, 1.92);
INSERT INTO isrc VALUES(200, 19, 19.04, 161.52, 0.37, 6.40);
INSERT INTO isrc VALUES(201, 19, 161.53, 283.86, 9.48, 10.88);
INSERT INTO isrc VALUES(202, 19, 283.87, 329.97, 22.79, 16.00);
INSERT INTO isrc VALUES(203, 19, 329.98, 395.06, 30.17, 17.92);
INSERT INTO isrc VALUES(204, 19, 395.07, 796.79, 41.84, 21.36);
INSERT INTO isrc VALUES(205, 19, 796.80, 1255.85, 127.65, 23.52);
INSERT INTO isrc VALUES(206, 19, 1255.86, 2397.62, 235.62, 30.00);
INSERT INTO isrc VALUES(207, 19, 2397.63, 3196.82, 578.15, 32.00);
INSERT INTO isrc VALUES(208, 19, 3196.83, 9590.46, 833.89, 34.00);
INSERT INTO isrc VALUES(209, 19, 9590.47, En.adelante, 3007.73, 35.00);
INSERT INTO isrc VALUES(210, 20, 0.01, 133.21, 0.00, 1.92);
INSERT INTO isrc VALUES(211, 20, 133.22, 1130.64, 2.59, 6.40);
INSERT INTO isrc VALUES(212, 20, 1130.65, 1987.02, 66.36, 10.88);
INSERT INTO isrc VALUES(213, 20, 1987.03, 2309.79, 159.53, 16.00);
INSERT INTO isrc VALUES(214, 20, 2309.80, 2765.42, 211.19, 17.92);
INSERT INTO isrc VALUES(215, 20, 2765.43, 5577.53, 292.88, 21.36);
INSERT INTO isrc VALUES(216, 20, 5577.54, 8790.95, 893.55, 23.52);
INSERT INTO isrc VALUES(217, 20, 8790.96, 16783.34, 1649.34, 30.00);
INSERT INTO isrc VALUES(218, 20, 16783.35, 22377.74, 4047.05, 32.00);
INSERT INTO isrc VALUES(219, 20, 22377.75, 67133.22, 5837.23, 34.00);
INSERT INTO isrc VALUES(220, 20, 67133.23, En.adelante, 21054.11, 35.00);
INSERT INTO isrc VALUES(221, 21, 0.01, 190.30, 0.00, 1.92);
INSERT INTO isrc VALUES(222, 21, 190.31, 1615.20, 3.70, 6.40);
INSERT INTO isrc VALUES(223, 21, 1615.21, 2838.60, 94.80, 10.88);
INSERT INTO isrc VALUES(224, 21, 2838.61, 3299.70, 227.90, 16.00);
INSERT INTO isrc VALUES(225, 21, 3299.71, 3950.60, 301.70, 17.92);
INSERT INTO isrc VALUES(226, 21, 3950.61, 7967.90, 418.40, 21.36);
INSERT INTO isrc VALUES(227, 21, 7967.91, 12558.50, 1276.50, 23.52);
INSERT INTO isrc VALUES(228, 21, 12558.51, 23976.20, 2356.20, 30.00);
INSERT INTO isrc VALUES(229, 21, 23976.21, 31968.20, 5781.50, 32.00);
INSERT INTO isrc VALUES(230, 21, 31968.21, 95904.60, 8338.90, 34.00);
INSERT INTO isrc VALUES(231, 21, 95904.61, En.adelante, 30077.30, 35.00);
INSERT INTO isrc VALUES(232, 22, 0.01, 285.45, 0.00, 1.92);
INSERT INTO isrc VALUES(233, 22, 285.46, 2422.80, 5.55, 6.40);
INSERT INTO isrc VALUES(234, 22, 2422.81, 4257.90, 142.20, 10.88);
INSERT INTO isrc VALUES(235, 22, 4257.91, 4949.55, 341.85, 16.00);
INSERT INTO isrc VALUES(236, 22, 4949.56, 5925.90, 452.55, 17.92);
INSERT INTO isrc VALUES(237, 22, 5925.91, 11951.85, 627.60, 21.36);
INSERT INTO isrc VALUES(238, 22, 11951.86, 18837.75, 1914.75, 23.52);
INSERT INTO isrc VALUES(239, 22, 18837.76, 35964.30, 3534.30, 30.00);
INSERT INTO isrc VALUES(240, 22, 35964.31, 47952.30, 8672.25, 32.00);
INSERT INTO isrc VALUES(241, 22, 47952.31, 143856.90, 12508.35, 34.00);
INSERT INTO isrc VALUES(242, 22, 143856.91, En.adelante, 45115.95, 35.00);
INSERT INTO isrc VALUES(243, 23, 0.01, 578.52, 0.00, 1.92);
INSERT INTO isrc VALUES(244, 23, 578.53, 4910.18, 11.11, 6.40);
INSERT INTO isrc VALUES(245, 23, 4910.19, 8629.20, 288.33, 10.88);
INSERT INTO isrc VALUES(246, 23, 8629.21, 10031.07, 692.96, 16.00);
INSERT INTO isrc VALUES(247, 23, 10031.08, 12009.94, 917.26, 17.92);
INSERT INTO isrc VALUES(248, 23, 12009.95, 24222.31, 1271.87, 21.36);
INSERT INTO isrc VALUES(249, 23, 24222.32, 38177.69, 3880.44, 23.52);
INSERT INTO isrc VALUES(250, 23, 38177.70, 72887.50, 7162.74, 30.00);
INSERT INTO isrc VALUES(251, 23, 72887.51, 97183.33, 17575.69, 32.00);
INSERT INTO isrc VALUES(252, 23, 97183.34, 291550.00, 25350.35, 34.00);
INSERT INTO isrc VALUES(253, 23, 291550.01, En.adelante, 91435.02, 35.00);
INSERT INTO isrc VALUES(254, 24, 0.01, 6942.20, 0.00, 1.92);
INSERT INTO isrc VALUES(255, 24, 6942.21, 58922.16, 133.28, 6.40);
INSERT INTO isrc VALUES(256, 24, 58922.17, 103550.44, 3460.01, 10.88);
INSERT INTO isrc VALUES(257, 24, 103550.45, 120372.83, 8315.57, 16.00);
INSERT INTO isrc VALUES(258, 24, 120372.84, 144119.23, 11007.14, 17.92);
INSERT INTO isrc VALUES(259, 24, 144119.24, 290667.75, 15262.49, 21.36);
INSERT INTO isrc VALUES(260, 24, 290667.76, 458132.29, 46565.26, 23.52);
INSERT INTO isrc VALUES(261, 24, 458132.30, 874650.00, 85952.92, 30.00);
INSERT INTO isrc VALUES(262, 24, 874650.01, 1166200.00, 210908.23, 32.00);
INSERT INTO isrc VALUES(263, 24, 1166200.01, 3498600.00, 304204.21, 34.00);
INSERT INTO isrc VALUES(264, 24, 3498600.01, En.adelante, 1097220.21, 35.00);

/*Valores de la tabla SBSD*/
INSERT INTO sbsd VALUES(1, 1, 0.01, 58.19, 13.39);
INSERT INTO sbsd VALUES(2, 1, 58.20, 87.28, 13.38);
INSERT INTO sbsd VALUES(3, 1, 87.29, 114.24, 13.38);
INSERT INTO sbsd VALUES(4, 1, 114.25, 116.38, 12.92);
INSERT INTO sbsd VALUES(5, 1, 116.39, 146.25, 12.58);
INSERT INTO sbsd VALUES(6, 1, 146.26, 155.17, 11.65);
INSERT INTO sbsd VALUES(7, 1, 155.18, 175.51, 10.69);
INSERT INTO sbsd VALUES(8, 1, 175.52, 204.76, 9.69);
INSERT INTO sbsd VALUES(9, 1, 204.77, 234.01, 8.34);
INSERT INTO sbsd VALUES(10, 1, 234.02, 242.84, 7.16);
INSERT INTO sbsd VALUES(11, 1, 242.85, En.adelante, 0.00);
INSERT INTO sbsd VALUES(12, 2, 0.01, 407.33, 93.73);
INSERT INTO sbsd VALUES(13, 2, 407.34, 610.96, 93.66);
INSERT INTO sbsd VALUES(14, 2, 610.97, 799.68, 93.66);
INSERT INTO sbsd VALUES(15, 2, 799.69, 814.66, 90.44);
INSERT INTO sbsd VALUES(16, 2, 814.67, 1023.75, 88.06);
INSERT INTO sbsd VALUES(17, 2, 1023.76, 1086.19, 81.55);
INSERT INTO sbsd VALUES(18, 2, 1086.20, 1228.57, 74.83);
INSERT INTO sbsd VALUES(19, 2, 1228.58, 1433.32, 67.83);
INSERT INTO sbsd VALUES(20, 2, 1433.33, 1638.07, 58.38);
INSERT INTO sbsd VALUES(21, 2, 1638.08, 1699.88, 50.12);
INSERT INTO sbsd VALUES(22, 2, 1699.89, En.adelante, 0.00);
INSERT INTO sbsd VALUES(23, 3, 0.01, 581.90, 133.90);
INSERT INTO sbsd VALUES(24, 3, 581.91, 872.80, 133.80);
INSERT INTO sbsd VALUES(25, 3, 872.81, 1142.40, 133.80);
INSERT INTO sbsd VALUES(26, 3, 1142.41, 1163.80, 129.20);
INSERT INTO sbsd VALUES(27, 3, 1163.81, 1462.50, 125.80);
INSERT INTO sbsd VALUES(28, 3, 1462.51, 1551.70, 116.50);
INSERT INTO sbsd VALUES(29, 3, 1551.71, 1755.10, 106.90);
INSERT INTO sbsd VALUES(30, 3, 1755.11, 2047.60, 96.90);
INSERT INTO sbsd VALUES(31, 3, 2047.61, 2340.10, 83.40);
INSERT INTO sbsd VALUES(32, 3, 2340.11, 2428.40, 71.60);
INSERT INTO sbsd VALUES(33, 3, 2428.41, En.adelante, 0.00);
INSERT INTO sbsd VALUES(34, 4, 0.01, 872.85, 200.85);
INSERT INTO sbsd VALUES(35, 4, 872.86, 1309.20, 200.70);
INSERT INTO sbsd VALUES(36, 4, 1309.21, 1713.60, 200.70);
INSERT INTO sbsd VALUES(37, 4, 1713.61, 1745.70, 193.80);
INSERT INTO sbsd VALUES(38, 4, 1745.71, 2193.75, 188.70);
INSERT INTO sbsd VALUES(39, 4, 2193.76, 2327.55, 174.75);
INSERT INTO sbsd VALUES(40, 4, 2327.56, 2632.65, 160.35);
INSERT INTO sbsd VALUES(41, 4, 2632.66, 3071.40, 145.35);
INSERT INTO sbsd VALUES(42, 4, 3071.41, 3510.15, 125.10);
INSERT INTO sbsd VALUES(43, 4, 3510.16, 3642.60, 107.40);
INSERT INTO sbsd VALUES(44, 4, 3642.61, En.adelante, 0.00);
INSERT INTO sbsd VALUES(45, 5, 0.01, 1768.96, 407.02);
INSERT INTO sbsd VALUES(46, 5, 1768.97, 2653.38, 406.83);
INSERT INTO sbsd VALUES(47, 5, 2653.39, 3472.84, 406.62);
INSERT INTO sbsd VALUES(48, 5, 3472.85, 3537.87, 392.77);
INSERT INTO sbsd VALUES(49, 5, 3537.88, 4446.15, 382.46);
INSERT INTO sbsd VALUES(50, 5, 4446.16, 4717.18, 354.23);
INSERT INTO sbsd VALUES(51, 5, 4717.19, 5335.42, 324.87);
INSERT INTO sbsd VALUES(52, 5, 5335.43, 6224.67, 294.63);
INSERT INTO sbsd VALUES(53, 5, 6224.68, 7113.90, 253.54);
INSERT INTO sbsd VALUES(54, 5, 7113.91, 7382.33, 217.61);
INSERT INTO sbsd VALUES(55, 5, 7382.34, En.adelante, 0.00);
INSERT INTO sbsd VALUES(56, 7, 0.01, 58.19, 13.39);
INSERT INTO sbsd VALUES(57, 7, 58.20, 87.28, 13.38);
INSERT INTO sbsd VALUES(58, 7, 87.29, 114.24, 13.38);
INSERT INTO sbsd VALUES(59, 7, 114.25, 116.38, 12.92);
INSERT INTO sbsd VALUES(60, 7, 116.39, 146.25, 12.58);
INSERT INTO sbsd VALUES(61, 7, 146.26, 155.17, 11.65);
INSERT INTO sbsd VALUES(62, 7, 155.18, 175.51, 10.69);
INSERT INTO sbsd VALUES(63, 7, 175.52, 204.76, 9.69);
INSERT INTO sbsd VALUES(64, 7, 204.77, 234.01, 8.34);
INSERT INTO sbsd VALUES(65, 7, 234.02, 242.84, 7.16);
INSERT INTO sbsd VALUES(66, 7, 242.85, En.adelante, 0.00);
INSERT INTO sbsd VALUES(67, 8, 0.01, 407.33, 93.73);
INSERT INTO sbsd VALUES(68, 8, 407.34, 610.96, 93.66);
INSERT INTO sbsd VALUES(69, 8, 610.97, 799.68, 93.66);
INSERT INTO sbsd VALUES(70, 8, 799.69, 814.66, 90.44);
INSERT INTO sbsd VALUES(71, 8, 814.67, 1023.75, 88.06);
INSERT INTO sbsd VALUES(72, 8, 1023.76, 1086.19, 81.55);
INSERT INTO sbsd VALUES(73, 8, 1086.20, 1228.57, 74.83);
INSERT INTO sbsd VALUES(74, 8, 1228.58, 1433.32, 67.83);
INSERT INTO sbsd VALUES(75, 8, 1433.33, 1638.07, 58.38);
INSERT INTO sbsd VALUES(76, 8, 1638.08, 1699.88, 50.12);
INSERT INTO sbsd VALUES(77, 8, 1699.89, En.adelante, 0.00);
INSERT INTO sbsd VALUES(78, 9, 0.01, 581.90, 133.90);
INSERT INTO sbsd VALUES(79, 9, 581.91, 872.80, 133.80);
INSERT INTO sbsd VALUES(80, 9, 872.81, 1142.40, 133.80);
INSERT INTO sbsd VALUES(81, 9, 1142.41, 1163.80, 129.20);
INSERT INTO sbsd VALUES(82, 9, 1163.81, 1462.50, 125.80);
INSERT INTO sbsd VALUES(83, 9, 1462.51, 1551.70, 116.50);
INSERT INTO sbsd VALUES(84, 9, 1551.71, 1755.10, 106.90);
INSERT INTO sbsd VALUES(85, 9, 1755.11, 2047.60, 96.90);
INSERT INTO sbsd VALUES(86, 9, 2047.61, 2340.10, 83.40);
INSERT INTO sbsd VALUES(87, 9, 2340.11, 2428.40, 71.60);
INSERT INTO sbsd VALUES(88, 9, 2428.41, En.adelante, 0.00);
INSERT INTO sbsd VALUES(89, 10, 0.01, 872.85, 200.85);
INSERT INTO sbsd VALUES(90, 10, 872.86, 1309.20, 200.70);
INSERT INTO sbsd VALUES(91, 10, 1309.21, 1713.60, 200.70);
INSERT INTO sbsd VALUES(92, 10, 1713.61, 1745.70, 193.80);
INSERT INTO sbsd VALUES(93, 10, 1745.71, 2193.75, 188.70);
INSERT INTO sbsd VALUES(94, 10, 2193.76, 2327.55, 174.75);
INSERT INTO sbsd VALUES(95, 10, 2327.56, 2632.65, 160.35);
INSERT INTO sbsd VALUES(96, 10, 2632.66, 3071.40, 145.35);
INSERT INTO sbsd VALUES(97, 10, 3071.41, 3510.15, 125.10);
INSERT INTO sbsd VALUES(98, 10, 3510.16, 3642.60, 107.40);
INSERT INTO sbsd VALUES(99, 10, 3642.61, En.adelante, 0.00);
INSERT INTO sbsd VALUES(100, 11, 0.01, 1768.96, 407.02);
INSERT INTO sbsd VALUES(101, 11, 1768.97, 2653.38, 406.83);
INSERT INTO sbsd VALUES(102, 11, 2653.39, 3472.84, 406.62);
INSERT INTO sbsd VALUES(103, 11, 3472.85, 3537.87, 392.77);
INSERT INTO sbsd VALUES(104, 11, 3537.88, 4446.15, 382.46);
INSERT INTO sbsd VALUES(105, 11, 4446.16, 4717.18, 354.23);
INSERT INTO sbsd VALUES(106, 11, 4717.19, 5335.42, 324.87);
INSERT INTO sbsd VALUES(107, 11, 5335.43, 6224.67, 294.63);
INSERT INTO sbsd VALUES(108, 11, 6224.68, 7113.90, 253.54);
INSERT INTO sbsd VALUES(109, 11, 7113.91, 7382.33, 217.61);
INSERT INTO sbsd VALUES(110, 11, 7382.34, En.adelante, 0.00);
INSERT INTO sbsd VALUES(111, 13, 0.01, 58.19, 13.39);
INSERT INTO sbsd VALUES(112, 13, 58.20, 87.28, 13.38);
INSERT INTO sbsd VALUES(113, 13, 87.29, 114.24, 13.38);
INSERT INTO sbsd VALUES(114, 13, 114.25, 116.38, 12.92);
INSERT INTO sbsd VALUES(115, 13, 116.39, 146.25, 12.58);
INSERT INTO sbsd VALUES(116, 13, 146.26, 155.17, 11.65);
INSERT INTO sbsd VALUES(117, 13, 155.18, 175.51, 10.69);
INSERT INTO sbsd VALUES(118, 13, 175.52, 204.76, 9.69);
INSERT INTO sbsd VALUES(119, 13, 204.77, 234.01, 8.34);
INSERT INTO sbsd VALUES(120, 13, 234.02, 242.84, 7.16);
INSERT INTO sbsd VALUES(121, 13, 242.85, En.adelante, 0.00);
INSERT INTO sbsd VALUES(122, 14, 0.01, 407.33, 93.73);
INSERT INTO sbsd VALUES(123, 14, 407.34, 610.96, 93.66);
INSERT INTO sbsd VALUES(124, 14, 610.97, 799.68, 93.66);
INSERT INTO sbsd VALUES(125, 14, 799.69, 814.66, 90.44);
INSERT INTO sbsd VALUES(126, 14, 814.67, 1023.75, 88.06);
INSERT INTO sbsd VALUES(127, 14, 1023.76, 1086.19, 81.55);
INSERT INTO sbsd VALUES(128, 14, 1086.20, 1228.57, 74.83);
INSERT INTO sbsd VALUES(129, 14, 1228.58, 1433.32, 67.83);
INSERT INTO sbsd VALUES(130, 14, 1433.33, 1638.07, 58.38);
INSERT INTO sbsd VALUES(131, 14, 1638.08, 1699.88, 50.12);
INSERT INTO sbsd VALUES(132, 14, 1699.89, En.adelante, 0.00);
INSERT INTO sbsd VALUES(133, 15, 0.01, 581.90, 133.90);
INSERT INTO sbsd VALUES(134, 15, 581.91, 872.80, 133.80);
INSERT INTO sbsd VALUES(135, 15, 872.81, 1142.40, 133.80);
INSERT INTO sbsd VALUES(136, 15, 1142.41, 1163.80, 129.20);
INSERT INTO sbsd VALUES(137, 15, 1163.81, 1462.50, 125.80);
INSERT INTO sbsd VALUES(138, 15, 1462.51, 1551.70, 116.50);
INSERT INTO sbsd VALUES(139, 15, 1551.71, 1755.10, 106.90);
INSERT INTO sbsd VALUES(140, 15, 1755.11, 2047.60, 96.90);
INSERT INTO sbsd VALUES(141, 15, 2047.61, 2340.10, 83.40);
INSERT INTO sbsd VALUES(142, 15, 2340.11, 2428.40, 71.60);
INSERT INTO sbsd VALUES(143, 15, 2428.41, En.adelante, 0.00);
INSERT INTO sbsd VALUES(144, 16, 0.01, 872.85, 200.85);
INSERT INTO sbsd VALUES(145, 16, 872.86, 1309.20, 200.70);
INSERT INTO sbsd VALUES(146, 16, 1309.21, 1713.60, 200.70);
INSERT INTO sbsd VALUES(147, 16, 1713.61, 1745.70, 193.80);
INSERT INTO sbsd VALUES(148, 16, 1745.71, 2193.75, 188.70);
INSERT INTO sbsd VALUES(149, 16, 2193.76, 2327.55, 174.75);
INSERT INTO sbsd VALUES(150, 16, 2327.56, 2632.65, 160.35);
INSERT INTO sbsd VALUES(151, 16, 2632.66, 3071.40, 145.35);
INSERT INTO sbsd VALUES(152, 16, 3071.41, 3510.15, 125.10);
INSERT INTO sbsd VALUES(153, 16, 3510.16, 3642.60, 107.40);
INSERT INTO sbsd VALUES(154, 16, 3642.61, En.adelante, 0.00);
INSERT INTO sbsd VALUES(155, 17, 0.01, 1768.96, 407.02);
INSERT INTO sbsd VALUES(156, 17, 1768.97, 2653.38, 406.83);
INSERT INTO sbsd VALUES(157, 17, 2653.39, 3472.84, 406.62);
INSERT INTO sbsd VALUES(158, 17, 3472.85, 3537.87, 392.77);
INSERT INTO sbsd VALUES(159, 17, 3537.88, 4446.15, 382.46);
INSERT INTO sbsd VALUES(160, 17, 4446.16, 4717.18, 354.23);
INSERT INTO sbsd VALUES(161, 17, 4717.19, 5335.42, 324.87);
INSERT INTO sbsd VALUES(162, 17, 5335.43, 6224.67, 294.63);
INSERT INTO sbsd VALUES(163, 17, 6224.68, 7113.90, 253.54);
INSERT INTO sbsd VALUES(164, 17, 7113.91, 7382.33, 217.61);
INSERT INTO sbsd VALUES(165, 17, 7382.34, En.adelante, 0.00);
INSERT INTO sbsd VALUES(166, 19, 0.01, 58.19, 13.39);
INSERT INTO sbsd VALUES(167, 19, 58.20, 87.28, 13.38);
INSERT INTO sbsd VALUES(168, 19, 87.29, 114.24, 13.38);
INSERT INTO sbsd VALUES(169, 19, 114.25, 116.38, 12.92);
INSERT INTO sbsd VALUES(170, 19, 116.39, 146.25, 12.58);
INSERT INTO sbsd VALUES(171, 19, 146.26, 155.17, 11.65);
INSERT INTO sbsd VALUES(172, 19, 155.18, 175.51, 10.69);
INSERT INTO sbsd VALUES(173, 19, 175.52, 204.76, 9.69);
INSERT INTO sbsd VALUES(174, 19, 204.77, 234.01, 8.34);
INSERT INTO sbsd VALUES(175, 19, 234.02, 242.84, 7.16);
INSERT INTO sbsd VALUES(176, 19, 242.85, En.adelante, 0.00);
INSERT INTO sbsd VALUES(177, 20, 0.01, 407.33, 93.73);
INSERT INTO sbsd VALUES(178, 20, 407.34, 610.96, 93.66);
INSERT INTO sbsd VALUES(179, 20, 610.97, 799.68, 93.66);
INSERT INTO sbsd VALUES(180, 20, 799.69, 814.66, 90.44);
INSERT INTO sbsd VALUES(181, 20, 814.67, 1023.75, 88.06);
INSERT INTO sbsd VALUES(182, 20, 1023.76, 1086.19, 81.55);
INSERT INTO sbsd VALUES(183, 20, 1086.20, 1228.57, 74.83);
INSERT INTO sbsd VALUES(184, 20, 1228.58, 1433.32, 67.83);
INSERT INTO sbsd VALUES(185, 20, 1433.33, 1638.07, 58.38);
INSERT INTO sbsd VALUES(186, 20, 1638.08, 1699.88, 50.12);
INSERT INTO sbsd VALUES(187, 20, 1699.89, En.adelante, 0.00);
INSERT INTO sbsd VALUES(188, 21, 0.01, 581.90, 133.90);
INSERT INTO sbsd VALUES(189, 21, 581.91, 872.80, 133.80);
INSERT INTO sbsd VALUES(190, 21, 872.81, 1142.40, 133.80);
INSERT INTO sbsd VALUES(191, 21, 1142.41, 1163.80, 129.20);
INSERT INTO sbsd VALUES(192, 21, 1163.81, 1462.50, 125.80);
INSERT INTO sbsd VALUES(193, 21, 1462.51, 1551.70, 116.50);
INSERT INTO sbsd VALUES(194, 21, 1551.71, 1755.10, 106.90);
INSERT INTO sbsd VALUES(195, 21, 1755.11, 2047.60, 96.90);
INSERT INTO sbsd VALUES(196, 21, 2047.61, 2340.10, 83.40);
INSERT INTO sbsd VALUES(197, 21, 2340.11, 2428.40, 71.60);
INSERT INTO sbsd VALUES(198, 21, 2428.41, En.adelante, 0.00);
INSERT INTO sbsd VALUES(199, 22, 0.01, 872.85, 200.85);
INSERT INTO sbsd VALUES(200, 22, 872.86, 1309.20, 200.70);
INSERT INTO sbsd VALUES(201, 22, 1309.21, 1713.60, 200.70);
INSERT INTO sbsd VALUES(202, 22, 1713.61, 1745.70, 193.80);
INSERT INTO sbsd VALUES(203, 22, 1745.71, 2193.75, 188.70);
INSERT INTO sbsd VALUES(204, 22, 2193.76, 2327.55, 174.75);
INSERT INTO sbsd VALUES(205, 22, 2327.56, 2632.65, 160.35);
INSERT INTO sbsd VALUES(206, 22, 2632.66, 3071.40, 145.35);
INSERT INTO sbsd VALUES(207, 22, 3071.41, 3510.15, 125.10);
INSERT INTO sbsd VALUES(208, 22, 3510.16, 3642.60, 107.40);
INSERT INTO sbsd VALUES(209, 22, 3642.61, En.adelante, 0.00);
INSERT INTO sbsd VALUES(210, 23, 0.01, 1768.96, 407.02);
INSERT INTO sbsd VALUES(211, 23, 1768.97, 2653.38, 406.83);
INSERT INTO sbsd VALUES(212, 23, 2653.39, 3472.84, 406.62);
INSERT INTO sbsd VALUES(213, 23, 3472.85, 3537.87, 392.77);
INSERT INTO sbsd VALUES(214, 23, 3537.88, 4446.15, 382.46);
INSERT INTO sbsd VALUES(215, 23, 4446.16, 4717.18, 354.23);
INSERT INTO sbsd VALUES(216, 23, 4717.19, 5335.42, 324.87);
INSERT INTO sbsd VALUES(217, 23, 5335.43, 6224.67, 294.63);
INSERT INTO sbsd VALUES(218, 23, 6224.68, 7113.90, 253.54);
INSERT INTO sbsd VALUES(219, 23, 7113.91, 7382.33, 217.61);
INSERT INTO sbsd VALUES(220, 23, 7382.34, En.adelante, 0.00);

/*Valores de la tabla UMA*/
INSERT INTO uma VALUES(1, 2019, 84.49, 2568.50, 30822.00);
INSERT INTO uma VALUES(2, 2020, 86.88, 2641.15, 31693.80);
INSERT INTO uma VALUES(3, 2021, 89.62, 2724.45, 32693.40);
INSERT INTO uma VALUES(4, 2018, 80.60, 2450.24, 29402.88);

/*valores de la tabla SM*/
INSERT INTO sm VALUES(1, 2019, 102.68);
INSERT INTO sm VALUES(2, 2020, 123.22);
INSERT INTO sm VALUES(3, 2021, 141.70);
INSERT INTO sm VALUES(4, 2022, 172.87);
INSERT INTO sm VALUES(5, 2018, 88.36);

/*Valores de la tabla PROD*/
INSERT INTO prod VALUES(1, 1, 0.60, 0.00);
INSERT INTO prod VALUES(2, 1, 0.70, 120.00);
INSERT INTO prod VALUES(3, 1, 0.80, 140.00);
INSERT INTO prod VALUES(4, 1, 0.90, 160.00);
INSERT INTO prod VALUES(5, 1, 1.00, 180.00);
INSERT INTO prod VALUES(6, 1, 1.10, 200.00);
INSERT INTO prod VALUES(7, 1, 1.20, 210.00);
INSERT INTO prod VALUES(8, 1, 1.30, 220.00);
INSERT INTO prod VALUES(9, 1, 1.40, 230.00);
INSERT INTO prod VALUES(10, 2, 0.60, 0.00);
INSERT INTO prod VALUES(11, 2, 0.70, 180.00);
INSERT INTO prod VALUES(12, 2, 0.80, 200.00);
INSERT INTO prod VALUES(13, 2, 0.90, 220.00);
INSERT INTO prod VALUES(14, 2, 1.00, 240.00);
INSERT INTO prod VALUES(15, 2, 1.10, 260.00);
INSERT INTO prod VALUES(16, 2, 1.20, 280.00);
INSERT INTO prod VALUES(17, 2, 1.30, 300.00);
INSERT INTO prod VALUES(18, 2, 1.40, 320.00);
INSERT INTO prod VALUES(19, 3, 0.60, 0.00);
INSERT INTO prod VALUES(20, 3, 0.70, 235.00);
INSERT INTO prod VALUES(21, 3, 0.80, 250.00);
INSERT INTO prod VALUES(22, 3, 0.90, 280.00);
INSERT INTO prod VALUES(23, 3, 1.00, 320.00);
INSERT INTO prod VALUES(24, 3, 1.10, 330.00);
INSERT INTO prod VALUES(25, 3, 1.20, 350.00);
INSERT INTO prod VALUES(26, 3, 1.30, 370.00);
INSERT INTO prod VALUES(27, 3, 1.40, 390.00);
INSERT INTO prod VALUES(28, 4, 0.60, 0.00);
INSERT INTO prod VALUES(29, 4, 0.70, 250.00);
INSERT INTO prod VALUES(30, 4, 0.80, 290.00);
INSERT INTO prod VALUES(31, 4, 0.90, 320.00);
INSERT INTO prod VALUES(32, 4, 1.00, 360.00);
INSERT INTO prod VALUES(33, 4, 1.10, 380.00);
INSERT INTO prod VALUES(34, 4, 1.20, 400.00);
INSERT INTO prod VALUES(35, 4, 1.30, 420.00);
INSERT INTO prod VALUES(36, 4, 1.60, 440.00);
INSERT INTO prod VALUES(37, 5, 0.60, 0.00);
INSERT INTO prod VALUES(38, 5, 0.70, 320.00);
INSERT INTO prod VALUES(39, 5, 0.80, 360.00);
INSERT INTO prod VALUES(40, 5, 0.90, 390.00);
INSERT INTO prod VALUES(41, 5, 1.00, 410.00);
INSERT INTO prod VALUES(42, 5, 1.10, 420.00);
INSERT INTO prod VALUES(43, 5, 1.20, 430.00);
INSERT INTO prod VALUES(44, 5, 1.30, 450.00);
INSERT INTO prod VALUES(45, 5, 1.40, 470.00);
INSERT INTO prod VALUES(46, 6, 0.60, 0.00);
INSERT INTO prod VALUES(47, 6, 0.70, 350.00);
INSERT INTO prod VALUES(48, 6, 0.80, 400.00);
INSERT INTO prod VALUES(49, 6, 0.90, 430.00);
INSERT INTO prod VALUES(50, 6, 1.00, 450.00);
INSERT INTO prod VALUES(51, 6, 1.10, 460.00);
INSERT INTO prod VALUES(52, 6, 1.20, 480.00);
INSERT INTO prod VALUES(53, 6, 1.30, 500.00);
INSERT INTO prod VALUES(54, 6, 1.40, 520.00);

/*Consulta para calcular el monto del ISR*/
SELECT (((991.90 - ISRC_LI) * (ISRC_EXC / 100)) + ISRC_CUOTA) AS ISR
FROM ISR, ISRC
WHERE ISR.ISR_ID = ISRC.ISRC_ISR_ID
AND ISR_ANIO = 2021
AND ISR_PRD = 7
AND 991.90 >= ISRC_LI
AND 991.90 <= ISRC_LS;