-- ACTUALIZADO AL 6-12-2023
/* TABLA DE ISR Y SUBSIDIO AL EMPLEO */
INSERT INTO ISR (ISR_ID, ISR_ANIO, ISR_PRD) VALUES ('1', '2019', '1');
INSERT INTO ISR (ISR_ID, ISR_ANIO, ISR_PRD) VALUES ('2', '2019', '7');
INSERT INTO ISR (ISR_ID, ISR_ANIO, ISR_PRD) VALUES ('3', '2019', '10');
INSERT INTO ISR (ISR_ID, ISR_ANIO, ISR_PRD) VALUES ('4', '2019', '15');
INSERT INTO ISR (ISR_ID, ISR_ANIO, ISR_PRD) VALUES ('5', '2019', '30');
INSERT INTO ISR (ISR_ID, ISR_ANIO, ISR_PRD) VALUES ('6', '2019', '365');
INSERT INTO ISR (ISR_ID, ISR_ANIO, ISR_PRD) VALUES ('7', '2020', '1');
INSERT INTO ISR (ISR_ID, ISR_ANIO, ISR_PRD) VALUES ('8', '2020', '7');
INSERT INTO ISR (ISR_ID, ISR_ANIO, ISR_PRD) VALUES ('9', '2020', '10');
INSERT INTO ISR (ISR_ID, ISR_ANIO, ISR_PRD) VALUES ('10', '2020', '15');
INSERT INTO ISR (ISR_ID, ISR_ANIO, ISR_PRD) VALUES ('11', '2020', '30');
INSERT INTO ISR (ISR_ID, ISR_ANIO, ISR_PRD) VALUES ('12', '2020', '365');
INSERT INTO ISR (ISR_ID, ISR_ANIO, ISR_PRD) VALUES ('13', '2021', '1');
INSERT INTO ISR (ISR_ID, ISR_ANIO, ISR_PRD) VALUES ('14', '2021', '7');
INSERT INTO ISR (ISR_ID, ISR_ANIO, ISR_PRD) VALUES ('15', '2021', '10');
INSERT INTO ISR (ISR_ID, ISR_ANIO, ISR_PRD) VALUES ('16', '2021', '15');
INSERT INTO ISR (ISR_ID, ISR_ANIO, ISR_PRD) VALUES ('17', '2021', '30');
INSERT INTO ISR (ISR_ID, ISR_ANIO, ISR_PRD) VALUES ('18', '2021', '365');
INSERT INTO ISR (ISR_ID, ISR_ANIO, ISR_PRD) VALUES ('19', '2018', '1');
INSERT INTO ISR (ISR_ID, ISR_ANIO, ISR_PRD) VALUES ('20', '2018', '7');
INSERT INTO ISR (ISR_ID, ISR_ANIO, ISR_PRD) VALUES ('21', '2018', '10');
INSERT INTO ISR (ISR_ID, ISR_ANIO, ISR_PRD) VALUES ('22', '2018', '15');
INSERT INTO ISR (ISR_ID, ISR_ANIO, ISR_PRD) VALUES ('23', '2018', '30');
INSERT INTO ISR (ISR_ID, ISR_ANIO, ISR_PRD) VALUES ('24', '2018', '365');
INSERT INTO ISR (ISR_ID, ISR_ANIO, ISR_PRD) VALUES ('25', '2022', '1');
INSERT INTO ISR (ISR_ID, ISR_ANIO, ISR_PRD) VALUES ('26', '2022', '7');
INSERT INTO ISR (ISR_ID, ISR_ANIO, ISR_PRD) VALUES ('27', '2022', '10');
INSERT INTO ISR (ISR_ID, ISR_ANIO, ISR_PRD) VALUES ('28', '2022', '15');
INSERT INTO ISR (ISR_ID, ISR_ANIO, ISR_PRD) VALUES ('29', '2022', '30');
INSERT INTO ISR (ISR_ID, ISR_ANIO, ISR_PRD) VALUES ('30', '2022', '365');
INSERT INTO ISR (ISR_ID, ISR_ANIO, ISR_PRD) VALUES ('31', '2023', '1');
INSERT INTO ISR (ISR_ID, ISR_ANIO, ISR_PRD) VALUES ('32', '2023', '7');
INSERT INTO ISR (ISR_ID, ISR_ANIO, ISR_PRD) VALUES ('33', '2023', '10');
INSERT INTO ISR (ISR_ID, ISR_ANIO, ISR_PRD) VALUES ('34', '2023', '15');
INSERT INTO ISR (ISR_ID, ISR_ANIO, ISR_PRD) VALUES ('35', '2023', '30');
INSERT INTO ISR (ISR_ID, ISR_ANIO, ISR_PRD) VALUES ('36', '2023', '365');

/* TABLA DE ISR */
INSERT INTO ISRC (ISRC_ID, ISRC_ISR_ID, ISRC_LI, ISRC_LS, ISRC_CUOTA, ISRC_EXC) VALUES ('1', '1', '0.0100', '19.0300', '0.0000', '1.9200');
INSERT INTO ISRC (ISRC_ID, ISRC_ISR_ID, ISRC_LI, ISRC_LS, ISRC_CUOTA, ISRC_EXC) VALUES ('2', '1', '19.0400', '161.5200', '0.3700', '6.4000');
INSERT INTO ISRC (ISRC_ID, ISRC_ISR_ID, ISRC_LI, ISRC_LS, ISRC_CUOTA, ISRC_EXC) VALUES ('3', '1', '161.5300', '283.8600', '9.4800', '10.8800');
INSERT INTO ISRC (ISRC_ID, ISRC_ISR_ID, ISRC_LI, ISRC_LS, ISRC_CUOTA, ISRC_EXC) VALUES ('4', '1', '283.8700', '329.9700', '22.7900', '16.0000');
INSERT INTO ISRC (ISRC_ID, ISRC_ISR_ID, ISRC_LI, ISRC_LS, ISRC_CUOTA, ISRC_EXC) VALUES ('5', '1', '329.9800', '395.0600', '30.1700', '17.9200');
INSERT INTO ISRC (ISRC_ID, ISRC_ISR_ID, ISRC_LI, ISRC_LS, ISRC_CUOTA, ISRC_EXC) VALUES ('6', '1', '395.0700', '796.7900', '41.8400', '21.3600');
INSERT INTO ISRC (ISRC_ID, ISRC_ISR_ID, ISRC_LI, ISRC_LS, ISRC_CUOTA, ISRC_EXC) VALUES ('7', '1', '796.8000', '1255.8500', '127.6500', '23.5200');
INSERT INTO ISRC (ISRC_ID, ISRC_ISR_ID, ISRC_LI, ISRC_LS, ISRC_CUOTA, ISRC_EXC) VALUES ('8', '1', '1255.8600', '2397.6200', '235.6200', '30.0000');
INSERT INTO ISRC (ISRC_ID, ISRC_ISR_ID, ISRC_LI, ISRC_LS, ISRC_CUOTA, ISRC_EXC) VALUES ('9', '1', '2397.6300', '3196.8200', '578.1500', '32.0000');
INSERT INTO ISRC (ISRC_ID, ISRC_ISR_ID, ISRC_LI, ISRC_LS, ISRC_CUOTA, ISRC_EXC) VALUES ('10', '1', '3196.8300', '9590.4600', '833.8900', '34.0000');
INSERT INTO ISRC (ISRC_ID, ISRC_ISR_ID, ISRC_LI, ISRC_LS, ISRC_CUOTA, ISRC_EXC) VALUES ('11', '1', '9590.4700', '9590.4800', '3007.7300', '35.0000');
INSERT INTO ISRC (ISRC_ID, ISRC_ISR_ID, ISRC_LI, ISRC_LS, ISRC_CUOTA, ISRC_EXC) VALUES ('12', '2', '0.0100', '133.2100', '0.0000', '1.9200');
INSERT INTO ISRC (ISRC_ID, ISRC_ISR_ID, ISRC_LI, ISRC_LS, ISRC_CUOTA, ISRC_EXC) VALUES ('13', '2', '133.2200', '1130.6400', '2.5900', '6.4000');
INSERT INTO ISRC (ISRC_ID, ISRC_ISR_ID, ISRC_LI, ISRC_LS, ISRC_CUOTA, ISRC_EXC) VALUES ('14', '2', '1130.6500', '1987.0200', '66.3600', '10.8800');
INSERT INTO ISRC (ISRC_ID, ISRC_ISR_ID, ISRC_LI, ISRC_LS, ISRC_CUOTA, ISRC_EXC) VALUES ('15', '2', '1987.0300', '2309.7900', '159.5300', '16.0000');
INSERT INTO ISRC (ISRC_ID, ISRC_ISR_ID, ISRC_LI, ISRC_LS, ISRC_CUOTA, ISRC_EXC) VALUES ('16', '2', '2309.8000', '2765.4200', '211.1900', '17.9200');
INSERT INTO ISRC (ISRC_ID, ISRC_ISR_ID, ISRC_LI, ISRC_LS, ISRC_CUOTA, ISRC_EXC) VALUES ('17', '2', '2765.4300', '5577.5300', '292.8800', '21.3600');
INSERT INTO ISRC (ISRC_ID, ISRC_ISR_ID, ISRC_LI, ISRC_LS, ISRC_CUOTA, ISRC_EXC) VALUES ('18', '2', '5577.5400', '8790.9500', '893.5500', '23.5200');
INSERT INTO ISRC (ISRC_ID, ISRC_ISR_ID, ISRC_LI, ISRC_LS, ISRC_CUOTA, ISRC_EXC) VALUES ('19', '2', '8790.9600', '16783.3400', '1649.3400', '30.0000');
INSERT INTO ISRC (ISRC_ID, ISRC_ISR_ID, ISRC_LI, ISRC_LS, ISRC_CUOTA, ISRC_EXC) VALUES ('20', '2', '16783.3500', '22377.7400', '4047.0500', '32.0000');
INSERT INTO ISRC (ISRC_ID, ISRC_ISR_ID, ISRC_LI, ISRC_LS, ISRC_CUOTA, ISRC_EXC) VALUES ('21', '2', '22377.7500', '67133.2200', '5837.2300', '34.0000');
INSERT INTO ISRC (ISRC_ID, ISRC_ISR_ID, ISRC_LI, ISRC_LS, ISRC_CUOTA, ISRC_EXC) VALUES ('22', '2', '67133.2300', '67133.2400', '21054.1100', '35.0000');
INSERT INTO ISRC (ISRC_ID, ISRC_ISR_ID, ISRC_LI, ISRC_LS, ISRC_CUOTA, ISRC_EXC) VALUES ('23', '3', '0.0100', '190.3000', '0.0000', '1.9200');
INSERT INTO ISRC (ISRC_ID, ISRC_ISR_ID, ISRC_LI, ISRC_LS, ISRC_CUOTA, ISRC_EXC) VALUES ('24', '3', '190.3100', '1615.2000', '3.7000', '6.4000');
INSERT INTO ISRC (ISRC_ID, ISRC_ISR_ID, ISRC_LI, ISRC_LS, ISRC_CUOTA, ISRC_EXC) VALUES ('25', '3', '1615.2100', '2838.6000', '94.8000', '10.8800');
INSERT INTO ISRC (ISRC_ID, ISRC_ISR_ID, ISRC_LI, ISRC_LS, ISRC_CUOTA, ISRC_EXC) VALUES ('26', '3', '2838.6100', '3299.7000', '227.9000', '16.0000');
INSERT INTO ISRC (ISRC_ID, ISRC_ISR_ID, ISRC_LI, ISRC_LS, ISRC_CUOTA, ISRC_EXC) VALUES ('27', '3', '3299.7100', '3950.6000', '301.7000', '17.9200');
INSERT INTO ISRC (ISRC_ID, ISRC_ISR_ID, ISRC_LI, ISRC_LS, ISRC_CUOTA, ISRC_EXC) VALUES ('28', '3', '3950.6100', '7967.9000', '418.4000', '21.3600');
INSERT INTO ISRC (ISRC_ID, ISRC_ISR_ID, ISRC_LI, ISRC_LS, ISRC_CUOTA, ISRC_EXC) VALUES ('29', '3', '7967.9100', '12558.5000', '1276.5000', '23.5200');
INSERT INTO ISRC (ISRC_ID, ISRC_ISR_ID, ISRC_LI, ISRC_LS, ISRC_CUOTA, ISRC_EXC) VALUES ('30', '3', '12558.5100', '23976.2000', '2356.2000', '30.0000');
INSERT INTO ISRC (ISRC_ID, ISRC_ISR_ID, ISRC_LI, ISRC_LS, ISRC_CUOTA, ISRC_EXC) VALUES ('31', '3', '23976.2100', '31968.2000', '5781.5000', '32.0000');
INSERT INTO ISRC (ISRC_ID, ISRC_ISR_ID, ISRC_LI, ISRC_LS, ISRC_CUOTA, ISRC_EXC) VALUES ('32', '3', '31968.2100', '95904.6000', '8338.9000', '34.0000');
INSERT INTO ISRC (ISRC_ID, ISRC_ISR_ID, ISRC_LI, ISRC_LS, ISRC_CUOTA, ISRC_EXC) VALUES ('33', '3', '95904.6100', '95904.6200', '30077.3000', '35.0000');
INSERT INTO ISRC (ISRC_ID, ISRC_ISR_ID, ISRC_LI, ISRC_LS, ISRC_CUOTA, ISRC_EXC) VALUES ('35', '4', '0.0100', '285.4500', '0.0000', '1.9200');
INSERT INTO ISRC (ISRC_ID, ISRC_ISR_ID, ISRC_LI, ISRC_LS, ISRC_CUOTA, ISRC_EXC) VALUES ('34', '4', '285.4600', '2422.8000', '5.5500', '6.4000');
INSERT INTO ISRC (ISRC_ID, ISRC_ISR_ID, ISRC_LI, ISRC_LS, ISRC_CUOTA, ISRC_EXC) VALUES ('36', '4', '2422.8100', '4257.9000', '142.2000', '10.8800');
INSERT INTO ISRC (ISRC_ID, ISRC_ISR_ID, ISRC_LI, ISRC_LS, ISRC_CUOTA, ISRC_EXC) VALUES ('37', '4', '4257.9100', '4949.5500', '341.8500', '16.0000');
INSERT INTO ISRC (ISRC_ID, ISRC_ISR_ID, ISRC_LI, ISRC_LS, ISRC_CUOTA, ISRC_EXC) VALUES ('38', '4', '4949.5600', '5925.9000', '452.5500', '17.9200');
INSERT INTO ISRC (ISRC_ID, ISRC_ISR_ID, ISRC_LI, ISRC_LS, ISRC_CUOTA, ISRC_EXC) VALUES ('39', '4', '5925.9100', '11951.8500', '627.6000', '21.3600');
INSERT INTO ISRC (ISRC_ID, ISRC_ISR_ID, ISRC_LI, ISRC_LS, ISRC_CUOTA, ISRC_EXC) VALUES ('40', '4', '11951.8600', '18837.7500', '1914.7500', '23.5200');
INSERT INTO ISRC (ISRC_ID, ISRC_ISR_ID, ISRC_LI, ISRC_LS, ISRC_CUOTA, ISRC_EXC) VALUES ('41', '4', '18837.7600', '35964.3000', '3534.3000', '30.0000');
INSERT INTO ISRC (ISRC_ID, ISRC_ISR_ID, ISRC_LI, ISRC_LS, ISRC_CUOTA, ISRC_EXC) VALUES ('42', '4', '35964.3100', '47952.3000', '8672.2500', '32.0000');
INSERT INTO ISRC (ISRC_ID, ISRC_ISR_ID, ISRC_LI, ISRC_LS, ISRC_CUOTA, ISRC_EXC) VALUES ('43', '4', '47952.3100', '143856.9000', '12508.3500', '34.0000');
INSERT INTO ISRC (ISRC_ID, ISRC_ISR_ID, ISRC_LI, ISRC_LS, ISRC_CUOTA, ISRC_EXC) VALUES ('44', '4', '143856.9100', '143856.9200', '45115.9500', '35.0000');
INSERT INTO ISRC (ISRC_ID, ISRC_ISR_ID, ISRC_LI, ISRC_LS, ISRC_CUOTA, ISRC_EXC) VALUES ('45', '5', '0.0100', '578.5200', '0.0000', '1.9200');
INSERT INTO ISRC (ISRC_ID, ISRC_ISR_ID, ISRC_LI, ISRC_LS, ISRC_CUOTA, ISRC_EXC) VALUES ('46', '5', '578.5300', '4910.1800', '11.1100', '6.4000');
INSERT INTO ISRC (ISRC_ID, ISRC_ISR_ID, ISRC_LI, ISRC_LS, ISRC_CUOTA, ISRC_EXC) VALUES ('47', '5', '4910.1900', '8629.2000', '288.3300', '10.8800');
INSERT INTO ISRC (ISRC_ID, ISRC_ISR_ID, ISRC_LI, ISRC_LS, ISRC_CUOTA, ISRC_EXC) VALUES ('48', '5', '8629.2100', '10031.0700', '692.9600', '16.0000');
INSERT INTO ISRC (ISRC_ID, ISRC_ISR_ID, ISRC_LI, ISRC_LS, ISRC_CUOTA, ISRC_EXC) VALUES ('49', '5', '10031.0800', '12009.9400', '917.2600', '17.9200');
INSERT INTO ISRC (ISRC_ID, ISRC_ISR_ID, ISRC_LI, ISRC_LS, ISRC_CUOTA, ISRC_EXC) VALUES ('50', '5', '12009.9500', '24222.3100', '1271.8700', '21.3600');
INSERT INTO ISRC (ISRC_ID, ISRC_ISR_ID, ISRC_LI, ISRC_LS, ISRC_CUOTA, ISRC_EXC) VALUES ('51', '5', '24222.3200', '38177.6900', '3880.4400', '23.5200');
INSERT INTO ISRC (ISRC_ID, ISRC_ISR_ID, ISRC_LI, ISRC_LS, ISRC_CUOTA, ISRC_EXC) VALUES ('52', '5', '38177.7000', '72887.5000', '7162.7400', '30.0000');
INSERT INTO ISRC (ISRC_ID, ISRC_ISR_ID, ISRC_LI, ISRC_LS, ISRC_CUOTA, ISRC_EXC) VALUES ('53', '5', '72887.5100', '97183.3300', '17575.6900', '32.0000');
INSERT INTO ISRC (ISRC_ID, ISRC_ISR_ID, ISRC_LI, ISRC_LS, ISRC_CUOTA, ISRC_EXC) VALUES ('54', '5', '97183.3400', '291550.0000', '25350.3500', '34.0000');
INSERT INTO ISRC (ISRC_ID, ISRC_ISR_ID, ISRC_LI, ISRC_LS, ISRC_CUOTA, ISRC_EXC) VALUES ('55', '5', '291550.0100', '291550.0200', '91435.0200', '35.0000');
INSERT INTO ISRC (ISRC_ID, ISRC_ISR_ID, ISRC_LI, ISRC_LS, ISRC_CUOTA, ISRC_EXC) VALUES ('56', '6', '0.0100', '6942.2000', '0.0000', '1.9200');
INSERT INTO ISRC (ISRC_ID, ISRC_ISR_ID, ISRC_LI, ISRC_LS, ISRC_CUOTA, ISRC_EXC) VALUES ('57', '6', '6942.2100', '58922.1600', '133.2800', '6.4000');
INSERT INTO ISRC (ISRC_ID, ISRC_ISR_ID, ISRC_LI, ISRC_LS, ISRC_CUOTA, ISRC_EXC) VALUES ('58', '6', '58922.1700', '103550.4400', '3460.0100', '10.8800');
INSERT INTO ISRC (ISRC_ID, ISRC_ISR_ID, ISRC_LI, ISRC_LS, ISRC_CUOTA, ISRC_EXC) VALUES ('59', '6', '103550.4500', '120372.8300', '8315.5700', '16.0000');
INSERT INTO ISRC (ISRC_ID, ISRC_ISR_ID, ISRC_LI, ISRC_LS, ISRC_CUOTA, ISRC_EXC) VALUES ('60', '6', '120372.8400', '144119.2300', '11007.1400', '17.9200');
INSERT INTO ISRC (ISRC_ID, ISRC_ISR_ID, ISRC_LI, ISRC_LS, ISRC_CUOTA, ISRC_EXC) VALUES ('61', '6', '144119.2400', '290667.7500', '15262.4900', '21.3600');
INSERT INTO ISRC (ISRC_ID, ISRC_ISR_ID, ISRC_LI, ISRC_LS, ISRC_CUOTA, ISRC_EXC) VALUES ('62', '6', '290667.7600', '458132.2900', '46565.2600', '23.5200');
INSERT INTO ISRC (ISRC_ID, ISRC_ISR_ID, ISRC_LI, ISRC_LS, ISRC_CUOTA, ISRC_EXC) VALUES ('63', '6', '458132.3000', '874650.0000', '85952.9200', '30.0000');
INSERT INTO ISRC (ISRC_ID, ISRC_ISR_ID, ISRC_LI, ISRC_LS, ISRC_CUOTA, ISRC_EXC) VALUES ('64', '6', '874650.0100', '1166200.0000', '210908.2300', '32.0000');
INSERT INTO ISRC (ISRC_ID, ISRC_ISR_ID, ISRC_LI, ISRC_LS, ISRC_CUOTA, ISRC_EXC) VALUES ('65', '6', '1166200.0100', '3498600.0000', '304204.2100', '34.0000');
INSERT INTO ISRC (ISRC_ID, ISRC_ISR_ID, ISRC_LI, ISRC_LS, ISRC_CUOTA, ISRC_EXC) VALUES ('66', '6', '3498600.0100', '3498600.0200', '1097220.2100', '35.0000');
INSERT INTO ISRC (ISRC_ID, ISRC_ISR_ID, ISRC_LI, ISRC_LS, ISRC_CUOTA, ISRC_EXC) VALUES ('67', '7', '0.0100', '19.0300', '0.0000', '1.9200');
INSERT INTO ISRC (ISRC_ID, ISRC_ISR_ID, ISRC_LI, ISRC_LS, ISRC_CUOTA, ISRC_EXC) VALUES ('68', '7', '19.0400', '161.5200', '0.3700', '6.4000');
INSERT INTO ISRC (ISRC_ID, ISRC_ISR_ID, ISRC_LI, ISRC_LS, ISRC_CUOTA, ISRC_EXC) VALUES ('69', '7', '161.5300', '283.8600', '9.4800', '10.8800');
INSERT INTO ISRC (ISRC_ID, ISRC_ISR_ID, ISRC_LI, ISRC_LS, ISRC_CUOTA, ISRC_EXC) VALUES ('70', '7', '283.8700', '329.9700', '22.7900', '16.0000');
INSERT INTO ISRC (ISRC_ID, ISRC_ISR_ID, ISRC_LI, ISRC_LS, ISRC_CUOTA, ISRC_EXC) VALUES ('71', '7', '329.9800', '395.0600', '30.1700', '17.9200');
INSERT INTO ISRC (ISRC_ID, ISRC_ISR_ID, ISRC_LI, ISRC_LS, ISRC_CUOTA, ISRC_EXC) VALUES ('72', '7', '395.0700', '796.7900', '41.8400', '21.3600');
INSERT INTO ISRC (ISRC_ID, ISRC_ISR_ID, ISRC_LI, ISRC_LS, ISRC_CUOTA, ISRC_EXC) VALUES ('73', '7', '796.8000', '1255.8500', '127.6500', '23.5200');
INSERT INTO ISRC (ISRC_ID, ISRC_ISR_ID, ISRC_LI, ISRC_LS, ISRC_CUOTA, ISRC_EXC) VALUES ('74', '7', '1255.8600', '2397.6200', '235.6200', '30.0000');
INSERT INTO ISRC (ISRC_ID, ISRC_ISR_ID, ISRC_LI, ISRC_LS, ISRC_CUOTA, ISRC_EXC) VALUES ('75', '7', '2397.6300', '3196.8200', '578.1500', '32.0000');
INSERT INTO ISRC (ISRC_ID, ISRC_ISR_ID, ISRC_LI, ISRC_LS, ISRC_CUOTA, ISRC_EXC) VALUES ('76', '7', '3196.8300', '9590.4600', '833.8900', '34.0000');
INSERT INTO ISRC (ISRC_ID, ISRC_ISR_ID, ISRC_LI, ISRC_LS, ISRC_CUOTA, ISRC_EXC) VALUES ('77', '7', '9590.4700', '9590.4800', '3007.7300', '35.0000');
INSERT INTO ISRC (ISRC_ID, ISRC_ISR_ID, ISRC_LI, ISRC_LS, ISRC_CUOTA, ISRC_EXC) VALUES ('78', '8', '0.0100', '133.2100', '0.0000', '1.9200');
INSERT INTO ISRC (ISRC_ID, ISRC_ISR_ID, ISRC_LI, ISRC_LS, ISRC_CUOTA, ISRC_EXC) VALUES ('79', '8', '133.2200', '1130.6400', '2.5900', '6.4000');
INSERT INTO ISRC (ISRC_ID, ISRC_ISR_ID, ISRC_LI, ISRC_LS, ISRC_CUOTA, ISRC_EXC) VALUES ('80', '8', '1130.6500', '1987.0200', '66.3600', '10.8800');
INSERT INTO ISRC (ISRC_ID, ISRC_ISR_ID, ISRC_LI, ISRC_LS, ISRC_CUOTA, ISRC_EXC) VALUES ('81', '8', '1987.0300', '2309.7900', '159.5300', '16.0000');
INSERT INTO ISRC (ISRC_ID, ISRC_ISR_ID, ISRC_LI, ISRC_LS, ISRC_CUOTA, ISRC_EXC) VALUES ('82', '8', '2309.8000', '2765.4200', '211.1900', '17.9200');
INSERT INTO ISRC (ISRC_ID, ISRC_ISR_ID, ISRC_LI, ISRC_LS, ISRC_CUOTA, ISRC_EXC) VALUES ('83', '8', '2765.4300', '5577.5300', '292.8800', '21.3600');
INSERT INTO ISRC (ISRC_ID, ISRC_ISR_ID, ISRC_LI, ISRC_LS, ISRC_CUOTA, ISRC_EXC) VALUES ('84', '8', '5577.5400', '8790.9500', '893.5500', '23.5200');
INSERT INTO ISRC (ISRC_ID, ISRC_ISR_ID, ISRC_LI, ISRC_LS, ISRC_CUOTA, ISRC_EXC) VALUES ('85', '8', '8790.9600', '16783.3400', '1649.3400', '30.0000');
INSERT INTO ISRC (ISRC_ID, ISRC_ISR_ID, ISRC_LI, ISRC_LS, ISRC_CUOTA, ISRC_EXC) VALUES ('86', '8', '16783.3500', '22377.7400', '4047.0500', '32.0000');
INSERT INTO ISRC (ISRC_ID, ISRC_ISR_ID, ISRC_LI, ISRC_LS, ISRC_CUOTA, ISRC_EXC) VALUES ('87', '8', '22377.7500', '67133.2200', '5837.2300', '34.0000');
INSERT INTO ISRC (ISRC_ID, ISRC_ISR_ID, ISRC_LI, ISRC_LS, ISRC_CUOTA, ISRC_EXC) VALUES ('88', '8', '67133.2300', '67133.2400', '21054.1100', '35.0000');
INSERT INTO ISRC (ISRC_ID, ISRC_ISR_ID, ISRC_LI, ISRC_LS, ISRC_CUOTA, ISRC_EXC) VALUES ('89', '9', '0.0100', '190.3000', '0.0000', '1.9200');
INSERT INTO ISRC (ISRC_ID, ISRC_ISR_ID, ISRC_LI, ISRC_LS, ISRC_CUOTA, ISRC_EXC) VALUES ('90', '9', '190.3100', '1615.2000', '3.7000', '6.4000');
INSERT INTO ISRC (ISRC_ID, ISRC_ISR_ID, ISRC_LI, ISRC_LS, ISRC_CUOTA, ISRC_EXC) VALUES ('91', '9', '1615.2100', '2838.6000', '94.8000', '10.8800');
INSERT INTO ISRC (ISRC_ID, ISRC_ISR_ID, ISRC_LI, ISRC_LS, ISRC_CUOTA, ISRC_EXC) VALUES ('92', '9', '2838.6100', '3299.7000', '227.9000', '16.0000');
INSERT INTO ISRC (ISRC_ID, ISRC_ISR_ID, ISRC_LI, ISRC_LS, ISRC_CUOTA, ISRC_EXC) VALUES ('93', '9', '3299.7100', '3950.6000', '301.7000', '17.9200');
INSERT INTO ISRC (ISRC_ID, ISRC_ISR_ID, ISRC_LI, ISRC_LS, ISRC_CUOTA, ISRC_EXC) VALUES ('94', '9', '3950.6100', '7967.9000', '418.4000', '21.3600');
INSERT INTO ISRC (ISRC_ID, ISRC_ISR_ID, ISRC_LI, ISRC_LS, ISRC_CUOTA, ISRC_EXC) VALUES ('95', '9', '7967.9100', '12558.5000', '1276.5000', '23.5200');
INSERT INTO ISRC (ISRC_ID, ISRC_ISR_ID, ISRC_LI, ISRC_LS, ISRC_CUOTA, ISRC_EXC) VALUES ('96', '9', '12558.5100', '23976.2000', '2356.2000', '30.0000');
INSERT INTO ISRC (ISRC_ID, ISRC_ISR_ID, ISRC_LI, ISRC_LS, ISRC_CUOTA, ISRC_EXC) VALUES ('97', '9', '23976.2100', '31968.2000', '5781.5000', '32.0000');
INSERT INTO ISRC (ISRC_ID, ISRC_ISR_ID, ISRC_LI, ISRC_LS, ISRC_CUOTA, ISRC_EXC) VALUES ('98', '9', '31968.2100', '95904.6000', '8338.9000', '34.0000');
INSERT INTO ISRC (ISRC_ID, ISRC_ISR_ID, ISRC_LI, ISRC_LS, ISRC_CUOTA, ISRC_EXC) VALUES ('99', '9', '95904.6100', '95904.6200', '30077.3000', '35.0000');
INSERT INTO ISRC (ISRC_ID, ISRC_ISR_ID, ISRC_LI, ISRC_LS, ISRC_CUOTA, ISRC_EXC) VALUES ('100', '10', '0.0100', '285.4500', '0.0000', '1.9200');
INSERT INTO ISRC (ISRC_ID, ISRC_ISR_ID, ISRC_LI, ISRC_LS, ISRC_CUOTA, ISRC_EXC) VALUES ('101', '10', '285.4600', '2422.8000', '5.5500', '6.4000');
INSERT INTO ISRC (ISRC_ID, ISRC_ISR_ID, ISRC_LI, ISRC_LS, ISRC_CUOTA, ISRC_EXC) VALUES ('102', '10', '2422.8100', '4257.9000', '142.2000', '10.8800');
INSERT INTO ISRC (ISRC_ID, ISRC_ISR_ID, ISRC_LI, ISRC_LS, ISRC_CUOTA, ISRC_EXC) VALUES ('103', '10', '4257.9100', '4949.5500', '341.8500', '16.0000');
INSERT INTO ISRC (ISRC_ID, ISRC_ISR_ID, ISRC_LI, ISRC_LS, ISRC_CUOTA, ISRC_EXC) VALUES ('104', '10', '4949.5600', '5925.9000', '452.5500', '17.9200');
INSERT INTO ISRC (ISRC_ID, ISRC_ISR_ID, ISRC_LI, ISRC_LS, ISRC_CUOTA, ISRC_EXC) VALUES ('105', '10', '5925.9100', '11951.8500', '627.6000', '21.3600');
INSERT INTO ISRC (ISRC_ID, ISRC_ISR_ID, ISRC_LI, ISRC_LS, ISRC_CUOTA, ISRC_EXC) VALUES ('106', '10', '11951.8600', '18837.7500', '1914.7500', '23.5200');
INSERT INTO ISRC (ISRC_ID, ISRC_ISR_ID, ISRC_LI, ISRC_LS, ISRC_CUOTA, ISRC_EXC) VALUES ('107', '10', '18837.7600', '35964.3000', '3534.3000', '30.0000');
INSERT INTO ISRC (ISRC_ID, ISRC_ISR_ID, ISRC_LI, ISRC_LS, ISRC_CUOTA, ISRC_EXC) VALUES ('108', '10', '35964.3100', '47952.3000', '8672.2500', '32.0000');
INSERT INTO ISRC (ISRC_ID, ISRC_ISR_ID, ISRC_LI, ISRC_LS, ISRC_CUOTA, ISRC_EXC) VALUES ('109', '10', '47952.3100', '143856.9000', '12508.3500', '34.0000');
INSERT INTO ISRC (ISRC_ID, ISRC_ISR_ID, ISRC_LI, ISRC_LS, ISRC_CUOTA, ISRC_EXC) VALUES ('110', '10', '143856.9100', '143856.9200', '45115.9500', '35.0000');
INSERT INTO ISRC (ISRC_ID, ISRC_ISR_ID, ISRC_LI, ISRC_LS, ISRC_CUOTA, ISRC_EXC) VALUES ('111', '11', '0.0100', '578.5200', '0.0000', '1.9200');
INSERT INTO ISRC (ISRC_ID, ISRC_ISR_ID, ISRC_LI, ISRC_LS, ISRC_CUOTA, ISRC_EXC) VALUES ('112', '11', '578.5300', '4910.1800', '11.1100', '6.4000');
INSERT INTO ISRC (ISRC_ID, ISRC_ISR_ID, ISRC_LI, ISRC_LS, ISRC_CUOTA, ISRC_EXC) VALUES ('113', '11', '4910.1900', '8629.2000', '288.3300', '10.8800');
INSERT INTO ISRC (ISRC_ID, ISRC_ISR_ID, ISRC_LI, ISRC_LS, ISRC_CUOTA, ISRC_EXC) VALUES ('114', '11', '8629.2100', '10031.0700', '692.9600', '16.0000');
INSERT INTO ISRC (ISRC_ID, ISRC_ISR_ID, ISRC_LI, ISRC_LS, ISRC_CUOTA, ISRC_EXC) VALUES ('115', '11', '10031.0800', '12009.9400', '917.2600', '17.9200');
INSERT INTO ISRC (ISRC_ID, ISRC_ISR_ID, ISRC_LI, ISRC_LS, ISRC_CUOTA, ISRC_EXC) VALUES ('116', '11', '12009.9500', '24222.3100', '1271.8700', '21.3600');
INSERT INTO ISRC (ISRC_ID, ISRC_ISR_ID, ISRC_LI, ISRC_LS, ISRC_CUOTA, ISRC_EXC) VALUES ('117', '11', '24222.3200', '38177.6900', '3880.4400', '23.5200');
INSERT INTO ISRC (ISRC_ID, ISRC_ISR_ID, ISRC_LI, ISRC_LS, ISRC_CUOTA, ISRC_EXC) VALUES ('118', '11', '38177.7000', '72887.5000', '7162.7400', '30.0000');
INSERT INTO ISRC (ISRC_ID, ISRC_ISR_ID, ISRC_LI, ISRC_LS, ISRC_CUOTA, ISRC_EXC) VALUES ('119', '11', '72887.5100', '97183.3300', '17575.6900', '32.0000');
INSERT INTO ISRC (ISRC_ID, ISRC_ISR_ID, ISRC_LI, ISRC_LS, ISRC_CUOTA, ISRC_EXC) VALUES ('120', '11', '97183.3400', '291550.0000', '25350.3500', '34.0000');
INSERT INTO ISRC (ISRC_ID, ISRC_ISR_ID, ISRC_LI, ISRC_LS, ISRC_CUOTA, ISRC_EXC) VALUES ('121', '11', '291550.0100', '291550.0200', '91435.0200', '35.0000');
INSERT INTO ISRC (ISRC_ID, ISRC_ISR_ID, ISRC_LI, ISRC_LS, ISRC_CUOTA, ISRC_EXC) VALUES ('122', '12', '0.0100', '6942.2000', '0.0000', '1.9200');
INSERT INTO ISRC (ISRC_ID, ISRC_ISR_ID, ISRC_LI, ISRC_LS, ISRC_CUOTA, ISRC_EXC) VALUES ('123', '12', '6942.2100', '58922.1600', '133.2800', '6.4000');
INSERT INTO ISRC (ISRC_ID, ISRC_ISR_ID, ISRC_LI, ISRC_LS, ISRC_CUOTA, ISRC_EXC) VALUES ('124', '12', '58922.1700', '103550.4400', '3460.0100', '10.8800');
INSERT INTO ISRC (ISRC_ID, ISRC_ISR_ID, ISRC_LI, ISRC_LS, ISRC_CUOTA, ISRC_EXC) VALUES ('125', '12', '103550.4500', '120372.8300', '8315.5700', '16.0000');
INSERT INTO ISRC (ISRC_ID, ISRC_ISR_ID, ISRC_LI, ISRC_LS, ISRC_CUOTA, ISRC_EXC) VALUES ('126', '12', '120372.8400', '144119.2300', '11007.1400', '17.9200');
INSERT INTO ISRC (ISRC_ID, ISRC_ISR_ID, ISRC_LI, ISRC_LS, ISRC_CUOTA, ISRC_EXC) VALUES ('127', '12', '144119.2400', '290667.7500', '15262.4900', '21.3600');
INSERT INTO ISRC (ISRC_ID, ISRC_ISR_ID, ISRC_LI, ISRC_LS, ISRC_CUOTA, ISRC_EXC) VALUES ('128', '12', '290667.7600', '458132.2900', '46565.2600', '23.5200');
INSERT INTO ISRC (ISRC_ID, ISRC_ISR_ID, ISRC_LI, ISRC_LS, ISRC_CUOTA, ISRC_EXC) VALUES ('129', '12', '458132.3000', '874650.0000', '85952.9200', '30.0000');
INSERT INTO ISRC (ISRC_ID, ISRC_ISR_ID, ISRC_LI, ISRC_LS, ISRC_CUOTA, ISRC_EXC) VALUES ('130', '12', '874650.0100', '1166200.0000', '210908.2300', '32.0000');
INSERT INTO ISRC (ISRC_ID, ISRC_ISR_ID, ISRC_LI, ISRC_LS, ISRC_CUOTA, ISRC_EXC) VALUES ('131', '12', '1166200.0100', '3498600.0000', '304204.2100', '34.0000');
INSERT INTO ISRC (ISRC_ID, ISRC_ISR_ID, ISRC_LI, ISRC_LS, ISRC_CUOTA, ISRC_EXC) VALUES ('132', '12', '3498600.0100', '3498600.0200', '1097220.2100', '35.0000');
INSERT INTO ISRC (ISRC_ID, ISRC_ISR_ID, ISRC_LI, ISRC_LS, ISRC_CUOTA, ISRC_EXC) VALUES ('133', '13', '0.0100', '21.2000', '0.0000', '1.9200');
INSERT INTO ISRC (ISRC_ID, ISRC_ISR_ID, ISRC_LI, ISRC_LS, ISRC_CUOTA, ISRC_EXC) VALUES ('134', '13', '21.2100', '179.9600', '0.4100', '6.4000');
INSERT INTO ISRC (ISRC_ID, ISRC_ISR_ID, ISRC_LI, ISRC_LS, ISRC_CUOTA, ISRC_EXC) VALUES ('135', '13', '179.9700', '316.2700', '10.5700', '10.8800');
INSERT INTO ISRC (ISRC_ID, ISRC_ISR_ID, ISRC_LI, ISRC_LS, ISRC_CUOTA, ISRC_EXC) VALUES ('136', '13', '316.2800', '367.6500', '25.4000', '16.0000');
INSERT INTO ISRC (ISRC_ID, ISRC_ISR_ID, ISRC_LI, ISRC_LS, ISRC_CUOTA, ISRC_EXC) VALUES ('137', '13', '367.6600', '440.1800', '33.6200', '17.9200');
INSERT INTO ISRC (ISRC_ID, ISRC_ISR_ID, ISRC_LI, ISRC_LS, ISRC_CUOTA, ISRC_EXC) VALUES ('138', '13', '440.1900', '887.7800', '46.6200', '21.3600');
INSERT INTO ISRC (ISRC_ID, ISRC_ISR_ID, ISRC_LI, ISRC_LS, ISRC_CUOTA, ISRC_EXC) VALUES ('139', '13', '887.7900', '1399.2600', '142.2200', '23.5200');
INSERT INTO ISRC (ISRC_ID, ISRC_ISR_ID, ISRC_LI, ISRC_LS, ISRC_CUOTA, ISRC_EXC) VALUES ('140', '13', '1399.2700', '2671.4200', '262.5200', '30.0000');
INSERT INTO ISRC (ISRC_ID, ISRC_ISR_ID, ISRC_LI, ISRC_LS, ISRC_CUOTA, ISRC_EXC) VALUES ('141', '13', '2671.4300', '3561.9000', '644.1700', '32.0000');
INSERT INTO ISRC (ISRC_ID, ISRC_ISR_ID, ISRC_LI, ISRC_LS, ISRC_CUOTA, ISRC_EXC) VALUES ('142', '13', '3561.9100', '10685.6900', '929.1200', '34.0000');
INSERT INTO ISRC (ISRC_ID, ISRC_ISR_ID, ISRC_LI, ISRC_LS, ISRC_CUOTA, ISRC_EXC) VALUES ('143', '13', '10685.7000', '10685.7100', '3351.2100', '35.0000');
INSERT INTO ISRC (ISRC_ID, ISRC_ISR_ID, ISRC_LI, ISRC_LS, ISRC_CUOTA, ISRC_EXC) VALUES ('144', '14', '0.0100', '148.4000', '0.0000', '1.9200');
INSERT INTO ISRC (ISRC_ID, ISRC_ISR_ID, ISRC_LI, ISRC_LS, ISRC_CUOTA, ISRC_EXC) VALUES ('145', '14', '148.4100', '1259.7200', '2.8700', '6.4000');
INSERT INTO ISRC (ISRC_ID, ISRC_ISR_ID, ISRC_LI, ISRC_LS, ISRC_CUOTA, ISRC_EXC) VALUES ('146', '14', '1259.7300', '2213.8900', '73.9900', '10.8800');
INSERT INTO ISRC (ISRC_ID, ISRC_ISR_ID, ISRC_LI, ISRC_LS, ISRC_CUOTA, ISRC_EXC) VALUES ('147', '14', '2213.9000', '2573.5500', '177.8000', '16.0000');
INSERT INTO ISRC (ISRC_ID, ISRC_ISR_ID, ISRC_LI, ISRC_LS, ISRC_CUOTA, ISRC_EXC) VALUES ('148', '14', '2573.5600', '3081.2600', '235.3400', '17.9200');
INSERT INTO ISRC (ISRC_ID, ISRC_ISR_ID, ISRC_LI, ISRC_LS, ISRC_CUOTA, ISRC_EXC) VALUES ('149', '14', '3081.2700', '6214.4600', '326.3400', '21.3600');
INSERT INTO ISRC (ISRC_ID, ISRC_ISR_ID, ISRC_LI, ISRC_LS, ISRC_CUOTA, ISRC_EXC) VALUES ('150', '14', '6214.4700', '9794.8200', '995.5400', '23.5200');
INSERT INTO ISRC (ISRC_ID, ISRC_ISR_ID, ISRC_LI, ISRC_LS, ISRC_CUOTA, ISRC_EXC) VALUES ('151', '14', '9794.8300', '18699.9400', '1837.6400', '30.0000');
INSERT INTO ISRC (ISRC_ID, ISRC_ISR_ID, ISRC_LI, ISRC_LS, ISRC_CUOTA, ISRC_EXC) VALUES ('152', '14', '18699.9500', '24933.3000', '4509.1900', '32.0000');
INSERT INTO ISRC (ISRC_ID, ISRC_ISR_ID, ISRC_LI, ISRC_LS, ISRC_CUOTA, ISRC_EXC) VALUES ('153', '14', '24933.3100', '74799.8300', '6503.8400', '34.0000');
INSERT INTO ISRC (ISRC_ID, ISRC_ISR_ID, ISRC_LI, ISRC_LS, ISRC_CUOTA, ISRC_EXC) VALUES ('154', '14', '74799.8400', '74799.8500', '23458.4700', '35.0000');
INSERT INTO ISRC (ISRC_ID, ISRC_ISR_ID, ISRC_LI, ISRC_LS, ISRC_CUOTA, ISRC_EXC) VALUES ('155', '15', '0.0100', '212.0000', '0.0000', '1.9200');
INSERT INTO ISRC (ISRC_ID, ISRC_ISR_ID, ISRC_LI, ISRC_LS, ISRC_CUOTA, ISRC_EXC) VALUES ('156', '15', '212.0100', '1799.6000', '4.1000', '6.4000');
INSERT INTO ISRC (ISRC_ID, ISRC_ISR_ID, ISRC_LI, ISRC_LS, ISRC_CUOTA, ISRC_EXC) VALUES ('157', '15', '1799.6100', '3162.7000', '105.7000', '10.8800');
INSERT INTO ISRC (ISRC_ID, ISRC_ISR_ID, ISRC_LI, ISRC_LS, ISRC_CUOTA, ISRC_EXC) VALUES ('158', '15', '3162.7100', '3676.5000', '254.0000', '16.0000');
INSERT INTO ISRC (ISRC_ID, ISRC_ISR_ID, ISRC_LI, ISRC_LS, ISRC_CUOTA, ISRC_EXC) VALUES ('159', '15', '3676.5100', '4401.8000', '336.2000', '17.9200');
INSERT INTO ISRC (ISRC_ID, ISRC_ISR_ID, ISRC_LI, ISRC_LS, ISRC_CUOTA, ISRC_EXC) VALUES ('160', '15', '4401.8100', '8877.8000', '466.2000', '21.3600');
INSERT INTO ISRC (ISRC_ID, ISRC_ISR_ID, ISRC_LI, ISRC_LS, ISRC_CUOTA, ISRC_EXC) VALUES ('161', '15', '8877.8100', '13992.6000', '1422.2000', '23.5200');
INSERT INTO ISRC (ISRC_ID, ISRC_ISR_ID, ISRC_LI, ISRC_LS, ISRC_CUOTA, ISRC_EXC) VALUES ('162', '15', '13992.6100', '26714.2000', '2625.2000', '30.0000');
INSERT INTO ISRC (ISRC_ID, ISRC_ISR_ID, ISRC_LI, ISRC_LS, ISRC_CUOTA, ISRC_EXC) VALUES ('163', '15', '26714.2100', '35619.0000', '6441.7000', '32.0000');
INSERT INTO ISRC (ISRC_ID, ISRC_ISR_ID, ISRC_LI, ISRC_LS, ISRC_CUOTA, ISRC_EXC) VALUES ('164', '15', '35619.0100', '106856.9000', '9291.2000', '34.0000');
INSERT INTO ISRC (ISRC_ID, ISRC_ISR_ID, ISRC_LI, ISRC_LS, ISRC_CUOTA, ISRC_EXC) VALUES ('165', '15', '106856.9100', '106856.9200', '33512.1000', '35.0000');
INSERT INTO ISRC (ISRC_ID, ISRC_ISR_ID, ISRC_LI, ISRC_LS, ISRC_CUOTA, ISRC_EXC) VALUES ('166', '16', '0.0100', '318.0000', '0.0000', '1.9200');
INSERT INTO ISRC (ISRC_ID, ISRC_ISR_ID, ISRC_LI, ISRC_LS, ISRC_CUOTA, ISRC_EXC) VALUES ('167', '16', '318.0100', '2699.4000', '6.1500', '6.4000');
INSERT INTO ISRC (ISRC_ID, ISRC_ISR_ID, ISRC_LI, ISRC_LS, ISRC_CUOTA, ISRC_EXC) VALUES ('168', '16', '2699.4100', '4744.0500', '158.5500', '10.8800');
INSERT INTO ISRC (ISRC_ID, ISRC_ISR_ID, ISRC_LI, ISRC_LS, ISRC_CUOTA, ISRC_EXC) VALUES ('169', '16', '4744.0600', '5514.7500', '381.0000', '16.0000');
INSERT INTO ISRC (ISRC_ID, ISRC_ISR_ID, ISRC_LI, ISRC_LS, ISRC_CUOTA, ISRC_EXC) VALUES ('170', '16', '5514.7600', '6602.7000', '504.3000', '17.9200');
INSERT INTO ISRC (ISRC_ID, ISRC_ISR_ID, ISRC_LI, ISRC_LS, ISRC_CUOTA, ISRC_EXC) VALUES ('171', '16', '6602.7100', '13316.7000', '699.3000', '21.3600');
INSERT INTO ISRC (ISRC_ID, ISRC_ISR_ID, ISRC_LI, ISRC_LS, ISRC_CUOTA, ISRC_EXC) VALUES ('172', '16', '13316.7100', '20988.9000', '2133.3000', '23.5200');
INSERT INTO ISRC (ISRC_ID, ISRC_ISR_ID, ISRC_LI, ISRC_LS, ISRC_CUOTA, ISRC_EXC) VALUES ('173', '16', '20988.9100', '40071.3000', '3937.8000', '30.0000');
INSERT INTO ISRC (ISRC_ID, ISRC_ISR_ID, ISRC_LI, ISRC_LS, ISRC_CUOTA, ISRC_EXC) VALUES ('174', '16', '40071.3100', '53428.5000', '9662.5500', '32.0000');
INSERT INTO ISRC (ISRC_ID, ISRC_ISR_ID, ISRC_LI, ISRC_LS, ISRC_CUOTA, ISRC_EXC) VALUES ('175', '16', '53428.5100', '160285.3500', '13936.8000', '34.0000');
INSERT INTO ISRC (ISRC_ID, ISRC_ISR_ID, ISRC_LI, ISRC_LS, ISRC_CUOTA, ISRC_EXC) VALUES ('176', '16', '160285.3600', '160285.3700', '50268.1500', '35.0000');
INSERT INTO ISRC (ISRC_ID, ISRC_ISR_ID, ISRC_LI, ISRC_LS, ISRC_CUOTA, ISRC_EXC) VALUES ('177', '17', '0.0100', '644.5800', '0.0000', '1.9200');
INSERT INTO ISRC (ISRC_ID, ISRC_ISR_ID, ISRC_LI, ISRC_LS, ISRC_CUOTA, ISRC_EXC) VALUES ('178', '17', '644.5900', '5470.9200', '12.3800', '6.4000');
INSERT INTO ISRC (ISRC_ID, ISRC_ISR_ID, ISRC_LI, ISRC_LS, ISRC_CUOTA, ISRC_EXC) VALUES ('179', '17', '5470.9300', '9614.6600', '321.2600', '10.8800');
INSERT INTO ISRC (ISRC_ID, ISRC_ISR_ID, ISRC_LI, ISRC_LS, ISRC_CUOTA, ISRC_EXC) VALUES ('180', '17', '9614.6700', '11176.6200', '772.1000', '16.0000');
INSERT INTO ISRC (ISRC_ID, ISRC_ISR_ID, ISRC_LI, ISRC_LS, ISRC_CUOTA, ISRC_EXC) VALUES ('181', '17', '11176.6300', '13381.4700', '1022.0100', '17.9200');
INSERT INTO ISRC (ISRC_ID, ISRC_ISR_ID, ISRC_LI, ISRC_LS, ISRC_CUOTA, ISRC_EXC) VALUES ('182', '17', '13381.4800', '26988.5000', '1417.1200', '21.3600');
INSERT INTO ISRC (ISRC_ID, ISRC_ISR_ID, ISRC_LI, ISRC_LS, ISRC_CUOTA, ISRC_EXC) VALUES ('183', '17', '26988.5100', '42537.5800', '4323.5800', '23.5200');
INSERT INTO ISRC (ISRC_ID, ISRC_ISR_ID, ISRC_LI, ISRC_LS, ISRC_CUOTA, ISRC_EXC) VALUES ('184', '17', '42537.5900', '81211.2500', '7980.7300', '30.0000');
INSERT INTO ISRC (ISRC_ID, ISRC_ISR_ID, ISRC_LI, ISRC_LS, ISRC_CUOTA, ISRC_EXC) VALUES ('185', '17', '81211.2600', '108281.6700', '19582.8300', '32.0000');
INSERT INTO ISRC (ISRC_ID, ISRC_ISR_ID, ISRC_LI, ISRC_LS, ISRC_CUOTA, ISRC_EXC) VALUES ('186', '17', '108281.6800', '324845.0100', '28245.3600', '34.0000');
INSERT INTO ISRC (ISRC_ID, ISRC_ISR_ID, ISRC_LI, ISRC_LS, ISRC_CUOTA, ISRC_EXC) VALUES ('187', '17', '324845.0200', '324845.0300', '101876.9000', '35.0000');
INSERT INTO ISRC (ISRC_ID, ISRC_ISR_ID, ISRC_LI, ISRC_LS, ISRC_CUOTA, ISRC_EXC) VALUES ('188', '18', '0.0100', '7735.0000', '0.0000', '1.9200');
INSERT INTO ISRC (ISRC_ID, ISRC_ISR_ID, ISRC_LI, ISRC_LS, ISRC_CUOTA, ISRC_EXC) VALUES ('189', '18', '7735.0100', '65651.0700', '148.5100', '6.4000');
INSERT INTO ISRC (ISRC_ID, ISRC_ISR_ID, ISRC_LI, ISRC_LS, ISRC_CUOTA, ISRC_EXC) VALUES ('190', '18', '65651.0800', '115375.9000', '3855.1400', '10.8800');
INSERT INTO ISRC (ISRC_ID, ISRC_ISR_ID, ISRC_LI, ISRC_LS, ISRC_CUOTA, ISRC_EXC) VALUES ('191', '18', '115375.9100', '134119.4100', '9265.2000', '16.0000');
INSERT INTO ISRC (ISRC_ID, ISRC_ISR_ID, ISRC_LI, ISRC_LS, ISRC_CUOTA, ISRC_EXC) VALUES ('192', '18', '134119.4200', '160577.6500', '12264.1600', '17.9200');
INSERT INTO ISRC (ISRC_ID, ISRC_ISR_ID, ISRC_LI, ISRC_LS, ISRC_CUOTA, ISRC_EXC) VALUES ('193', '18', '160577.6600', '323862.0000', '17005.4700', '21.3600');
INSERT INTO ISRC (ISRC_ID, ISRC_ISR_ID, ISRC_LI, ISRC_LS, ISRC_CUOTA, ISRC_EXC) VALUES ('194', '18', '323862.0100', '510451.0000', '51883.0100', '23.5200');
INSERT INTO ISRC (ISRC_ID, ISRC_ISR_ID, ISRC_LI, ISRC_LS, ISRC_CUOTA, ISRC_EXC) VALUES ('195', '18', '510451.0100', '974535.0300', '95768.7400', '30.0000');
INSERT INTO ISRC (ISRC_ID, ISRC_ISR_ID, ISRC_LI, ISRC_LS, ISRC_CUOTA, ISRC_EXC) VALUES ('196', '18', '974535.0400', '1299380.0400', '234993.9500', '32.0000');
INSERT INTO ISRC (ISRC_ID, ISRC_ISR_ID, ISRC_LI, ISRC_LS, ISRC_CUOTA, ISRC_EXC) VALUES ('197', '18', '1299380.0500', '3898140.1200', '338944.3400', '34.0000');
INSERT INTO ISRC (ISRC_ID, ISRC_ISR_ID, ISRC_LI, ISRC_LS, ISRC_CUOTA, ISRC_EXC) VALUES ('198', '18', '3898140.1300', '3898140.1400', '1222522.7600', '35.0000');
INSERT INTO ISRC (ISRC_ID, ISRC_ISR_ID, ISRC_LI, ISRC_LS, ISRC_CUOTA, ISRC_EXC) VALUES ('199', '19', '0.0100', '19.0300', '0.0000', '1.9200');
INSERT INTO ISRC (ISRC_ID, ISRC_ISR_ID, ISRC_LI, ISRC_LS, ISRC_CUOTA, ISRC_EXC) VALUES ('200', '19', '19.0400', '161.5200', '0.3700', '6.4000');
INSERT INTO ISRC (ISRC_ID, ISRC_ISR_ID, ISRC_LI, ISRC_LS, ISRC_CUOTA, ISRC_EXC) VALUES ('201', '19', '161.5300', '283.8600', '9.4800', '10.8800');
INSERT INTO ISRC (ISRC_ID, ISRC_ISR_ID, ISRC_LI, ISRC_LS, ISRC_CUOTA, ISRC_EXC) VALUES ('202', '19', '283.8700', '329.9700', '22.7900', '16.0000');
INSERT INTO ISRC (ISRC_ID, ISRC_ISR_ID, ISRC_LI, ISRC_LS, ISRC_CUOTA, ISRC_EXC) VALUES ('203', '19', '329.9800', '395.0600', '30.1700', '17.9200');
INSERT INTO ISRC (ISRC_ID, ISRC_ISR_ID, ISRC_LI, ISRC_LS, ISRC_CUOTA, ISRC_EXC) VALUES ('204', '19', '395.0700', '796.7900', '41.8400', '21.3600');
INSERT INTO ISRC (ISRC_ID, ISRC_ISR_ID, ISRC_LI, ISRC_LS, ISRC_CUOTA, ISRC_EXC) VALUES ('205', '19', '796.8000', '1255.8500', '127.6500', '23.5200');
INSERT INTO ISRC (ISRC_ID, ISRC_ISR_ID, ISRC_LI, ISRC_LS, ISRC_CUOTA, ISRC_EXC) VALUES ('206', '19', '1255.8600', '2397.6200', '235.6200', '30.0000');
INSERT INTO ISRC (ISRC_ID, ISRC_ISR_ID, ISRC_LI, ISRC_LS, ISRC_CUOTA, ISRC_EXC) VALUES ('207', '19', '2397.6300', '3196.8200', '578.1500', '32.0000');
INSERT INTO ISRC (ISRC_ID, ISRC_ISR_ID, ISRC_LI, ISRC_LS, ISRC_CUOTA, ISRC_EXC) VALUES ('208', '19', '3196.8300', '9590.4600', '833.8900', '34.0000');
INSERT INTO ISRC (ISRC_ID, ISRC_ISR_ID, ISRC_LI, ISRC_LS, ISRC_CUOTA, ISRC_EXC) VALUES ('209', '19', '9590.4700', '9590.4800', '3007.7300', '35.0000');
INSERT INTO ISRC (ISRC_ID, ISRC_ISR_ID, ISRC_LI, ISRC_LS, ISRC_CUOTA, ISRC_EXC) VALUES ('210', '20', '0.0100', '133.2100', '0.0000', '1.9200');
INSERT INTO ISRC (ISRC_ID, ISRC_ISR_ID, ISRC_LI, ISRC_LS, ISRC_CUOTA, ISRC_EXC) VALUES ('211', '20', '133.2200', '1130.6400', '2.5900', '6.4000');
INSERT INTO ISRC (ISRC_ID, ISRC_ISR_ID, ISRC_LI, ISRC_LS, ISRC_CUOTA, ISRC_EXC) VALUES ('212', '20', '1130.6500', '1987.0200', '66.3600', '10.8800');
INSERT INTO ISRC (ISRC_ID, ISRC_ISR_ID, ISRC_LI, ISRC_LS, ISRC_CUOTA, ISRC_EXC) VALUES ('213', '20', '1987.0300', '2309.7900', '159.5300', '16.0000');
INSERT INTO ISRC (ISRC_ID, ISRC_ISR_ID, ISRC_LI, ISRC_LS, ISRC_CUOTA, ISRC_EXC) VALUES ('214', '20', '2309.8000', '2765.4200', '211.1900', '17.9200');
INSERT INTO ISRC (ISRC_ID, ISRC_ISR_ID, ISRC_LI, ISRC_LS, ISRC_CUOTA, ISRC_EXC) VALUES ('215', '20', '2765.4300', '5577.5300', '292.8800', '21.3600');
INSERT INTO ISRC (ISRC_ID, ISRC_ISR_ID, ISRC_LI, ISRC_LS, ISRC_CUOTA, ISRC_EXC) VALUES ('216', '20', '5577.5400', '8790.9500', '893.5500', '23.5200');
INSERT INTO ISRC (ISRC_ID, ISRC_ISR_ID, ISRC_LI, ISRC_LS, ISRC_CUOTA, ISRC_EXC) VALUES ('217', '20', '8790.9600', '16783.3400', '1649.3400', '30.0000');
INSERT INTO ISRC (ISRC_ID, ISRC_ISR_ID, ISRC_LI, ISRC_LS, ISRC_CUOTA, ISRC_EXC) VALUES ('218', '20', '16783.3500', '22377.7400', '4047.0500', '32.0000');
INSERT INTO ISRC (ISRC_ID, ISRC_ISR_ID, ISRC_LI, ISRC_LS, ISRC_CUOTA, ISRC_EXC) VALUES ('219', '20', '22377.7500', '67133.2200', '5837.2300', '34.0000');
INSERT INTO ISRC (ISRC_ID, ISRC_ISR_ID, ISRC_LI, ISRC_LS, ISRC_CUOTA, ISRC_EXC) VALUES ('220', '20', '67133.2300', '67133.2400', '21054.1100', '35.0000');
INSERT INTO ISRC (ISRC_ID, ISRC_ISR_ID, ISRC_LI, ISRC_LS, ISRC_CUOTA, ISRC_EXC) VALUES ('221', '21', '0.0100', '190.3000', '0.0000', '1.9200');
INSERT INTO ISRC (ISRC_ID, ISRC_ISR_ID, ISRC_LI, ISRC_LS, ISRC_CUOTA, ISRC_EXC) VALUES ('222', '21', '190.3100', '1615.2000', '3.7000', '6.4000');
INSERT INTO ISRC (ISRC_ID, ISRC_ISR_ID, ISRC_LI, ISRC_LS, ISRC_CUOTA, ISRC_EXC) VALUES ('223', '21', '1615.2100', '2838.6000', '94.8000', '10.8800');
INSERT INTO ISRC (ISRC_ID, ISRC_ISR_ID, ISRC_LI, ISRC_LS, ISRC_CUOTA, ISRC_EXC) VALUES ('224', '21', '2838.6100', '3299.7000', '227.9000', '16.0000');
INSERT INTO ISRC (ISRC_ID, ISRC_ISR_ID, ISRC_LI, ISRC_LS, ISRC_CUOTA, ISRC_EXC) VALUES ('225', '21', '3299.7100', '3950.6000', '301.7000', '17.9200');
INSERT INTO ISRC (ISRC_ID, ISRC_ISR_ID, ISRC_LI, ISRC_LS, ISRC_CUOTA, ISRC_EXC) VALUES ('226', '21', '3950.6100', '7967.9000', '418.4000', '21.3600');
INSERT INTO ISRC (ISRC_ID, ISRC_ISR_ID, ISRC_LI, ISRC_LS, ISRC_CUOTA, ISRC_EXC) VALUES ('227', '21', '7967.9100', '12558.5000', '1276.5000', '23.5200');
INSERT INTO ISRC (ISRC_ID, ISRC_ISR_ID, ISRC_LI, ISRC_LS, ISRC_CUOTA, ISRC_EXC) VALUES ('228', '21', '12558.5100', '23976.2000', '2356.2000', '30.0000');
INSERT INTO ISRC (ISRC_ID, ISRC_ISR_ID, ISRC_LI, ISRC_LS, ISRC_CUOTA, ISRC_EXC) VALUES ('229', '21', '23976.2100', '31968.2000', '5781.5000', '32.0000');
INSERT INTO ISRC (ISRC_ID, ISRC_ISR_ID, ISRC_LI, ISRC_LS, ISRC_CUOTA, ISRC_EXC) VALUES ('230', '21', '31968.2100', '95904.6000', '8338.9000', '34.0000');
INSERT INTO ISRC (ISRC_ID, ISRC_ISR_ID, ISRC_LI, ISRC_LS, ISRC_CUOTA, ISRC_EXC) VALUES ('231', '21', '95904.6100', '95904.6200', '30077.3000', '35.0000');
INSERT INTO ISRC (ISRC_ID, ISRC_ISR_ID, ISRC_LI, ISRC_LS, ISRC_CUOTA, ISRC_EXC) VALUES ('232', '22', '0.0100', '285.4500', '0.0000', '1.9200');
INSERT INTO ISRC (ISRC_ID, ISRC_ISR_ID, ISRC_LI, ISRC_LS, ISRC_CUOTA, ISRC_EXC) VALUES ('233', '22', '285.4600', '2422.8000', '5.5500', '6.4000');
INSERT INTO ISRC (ISRC_ID, ISRC_ISR_ID, ISRC_LI, ISRC_LS, ISRC_CUOTA, ISRC_EXC) VALUES ('234', '22', '2422.8100', '4257.9000', '142.2000', '10.8800');
INSERT INTO ISRC (ISRC_ID, ISRC_ISR_ID, ISRC_LI, ISRC_LS, ISRC_CUOTA, ISRC_EXC) VALUES ('235', '22', '4257.9100', '4949.5500', '341.8500', '16.0000');
INSERT INTO ISRC (ISRC_ID, ISRC_ISR_ID, ISRC_LI, ISRC_LS, ISRC_CUOTA, ISRC_EXC) VALUES ('236', '22', '4949.5600', '5925.9000', '452.5500', '17.9200');
INSERT INTO ISRC (ISRC_ID, ISRC_ISR_ID, ISRC_LI, ISRC_LS, ISRC_CUOTA, ISRC_EXC) VALUES ('237', '22', '5925.9100', '11951.8500', '627.6000', '21.3600');
INSERT INTO ISRC (ISRC_ID, ISRC_ISR_ID, ISRC_LI, ISRC_LS, ISRC_CUOTA, ISRC_EXC) VALUES ('238', '22', '11951.8600', '18837.7500', '1914.7500', '23.5200');
INSERT INTO ISRC (ISRC_ID, ISRC_ISR_ID, ISRC_LI, ISRC_LS, ISRC_CUOTA, ISRC_EXC) VALUES ('239', '22', '18837.7600', '35964.3000', '3534.3000', '30.0000');
INSERT INTO ISRC (ISRC_ID, ISRC_ISR_ID, ISRC_LI, ISRC_LS, ISRC_CUOTA, ISRC_EXC) VALUES ('240', '22', '35964.3100', '47952.3000', '8672.2500', '32.0000');
INSERT INTO ISRC (ISRC_ID, ISRC_ISR_ID, ISRC_LI, ISRC_LS, ISRC_CUOTA, ISRC_EXC) VALUES ('241', '22', '47952.3100', '143856.9000', '12508.3500', '34.0000');
INSERT INTO ISRC (ISRC_ID, ISRC_ISR_ID, ISRC_LI, ISRC_LS, ISRC_CUOTA, ISRC_EXC) VALUES ('242', '22', '143856.9100', '143856.9200', '45115.9500', '35.0000');
INSERT INTO ISRC (ISRC_ID, ISRC_ISR_ID, ISRC_LI, ISRC_LS, ISRC_CUOTA, ISRC_EXC) VALUES ('243', '23', '0.0100', '578.5200', '0.0000', '1.9200');
INSERT INTO ISRC (ISRC_ID, ISRC_ISR_ID, ISRC_LI, ISRC_LS, ISRC_CUOTA, ISRC_EXC) VALUES ('244', '23', '578.5300', '4910.1800', '11.1100', '6.4000');
INSERT INTO ISRC (ISRC_ID, ISRC_ISR_ID, ISRC_LI, ISRC_LS, ISRC_CUOTA, ISRC_EXC) VALUES ('245', '23', '4910.1900', '8629.2000', '288.3300', '10.8800');
INSERT INTO ISRC (ISRC_ID, ISRC_ISR_ID, ISRC_LI, ISRC_LS, ISRC_CUOTA, ISRC_EXC) VALUES ('246', '23', '8629.2100', '10031.0700', '692.9600', '16.0000');
INSERT INTO ISRC (ISRC_ID, ISRC_ISR_ID, ISRC_LI, ISRC_LS, ISRC_CUOTA, ISRC_EXC) VALUES ('247', '23', '10031.0800', '12009.9400', '917.2600', '17.9200');
INSERT INTO ISRC (ISRC_ID, ISRC_ISR_ID, ISRC_LI, ISRC_LS, ISRC_CUOTA, ISRC_EXC) VALUES ('248', '23', '12009.9500', '24222.3100', '1271.8700', '21.3600');
INSERT INTO ISRC (ISRC_ID, ISRC_ISR_ID, ISRC_LI, ISRC_LS, ISRC_CUOTA, ISRC_EXC) VALUES ('249', '23', '24222.3200', '38177.6900', '3880.4400', '23.5200');
INSERT INTO ISRC (ISRC_ID, ISRC_ISR_ID, ISRC_LI, ISRC_LS, ISRC_CUOTA, ISRC_EXC) VALUES ('250', '23', '38177.7000', '72887.5000', '7162.7400', '30.0000');
INSERT INTO ISRC (ISRC_ID, ISRC_ISR_ID, ISRC_LI, ISRC_LS, ISRC_CUOTA, ISRC_EXC) VALUES ('251', '23', '72887.5100', '97183.3300', '17575.6900', '32.0000');
INSERT INTO ISRC (ISRC_ID, ISRC_ISR_ID, ISRC_LI, ISRC_LS, ISRC_CUOTA, ISRC_EXC) VALUES ('252', '23', '97183.3400', '291550.0000', '25350.3500', '34.0000');
INSERT INTO ISRC (ISRC_ID, ISRC_ISR_ID, ISRC_LI, ISRC_LS, ISRC_CUOTA, ISRC_EXC) VALUES ('253', '23', '291550.0100', '291550.0200', '91435.0200', '35.0000');
INSERT INTO ISRC (ISRC_ID, ISRC_ISR_ID, ISRC_LI, ISRC_LS, ISRC_CUOTA, ISRC_EXC) VALUES ('254', '24', '0.0100', '6942.2000', '0.0000', '1.9200');
INSERT INTO ISRC (ISRC_ID, ISRC_ISR_ID, ISRC_LI, ISRC_LS, ISRC_CUOTA, ISRC_EXC) VALUES ('255', '24', '6942.2100', '58922.1600', '133.2800', '6.4000');
INSERT INTO ISRC (ISRC_ID, ISRC_ISR_ID, ISRC_LI, ISRC_LS, ISRC_CUOTA, ISRC_EXC) VALUES ('256', '24', '58922.1700', '103550.4400', '3460.0100', '10.8800');
INSERT INTO ISRC (ISRC_ID, ISRC_ISR_ID, ISRC_LI, ISRC_LS, ISRC_CUOTA, ISRC_EXC) VALUES ('257', '24', '103550.4500', '120372.8300', '8315.5700', '16.0000');
INSERT INTO ISRC (ISRC_ID, ISRC_ISR_ID, ISRC_LI, ISRC_LS, ISRC_CUOTA, ISRC_EXC) VALUES ('258', '24', '120372.8400', '144119.2300', '11007.1400', '17.9200');
INSERT INTO ISRC (ISRC_ID, ISRC_ISR_ID, ISRC_LI, ISRC_LS, ISRC_CUOTA, ISRC_EXC) VALUES ('259', '24', '144119.2400', '290667.7500', '15262.4900', '21.3600');
INSERT INTO ISRC (ISRC_ID, ISRC_ISR_ID, ISRC_LI, ISRC_LS, ISRC_CUOTA, ISRC_EXC) VALUES ('260', '24', '290667.7600', '458132.2900', '46565.2600', '23.5200');
INSERT INTO ISRC (ISRC_ID, ISRC_ISR_ID, ISRC_LI, ISRC_LS, ISRC_CUOTA, ISRC_EXC) VALUES ('261', '24', '458132.3000', '874650.0000', '85952.9200', '30.0000');
INSERT INTO ISRC (ISRC_ID, ISRC_ISR_ID, ISRC_LI, ISRC_LS, ISRC_CUOTA, ISRC_EXC) VALUES ('262', '24', '874650.0100', '1166200.0000', '210908.2300', '32.0000');
INSERT INTO ISRC (ISRC_ID, ISRC_ISR_ID, ISRC_LI, ISRC_LS, ISRC_CUOTA, ISRC_EXC) VALUES ('263', '24', '1166200.0100', '3498600.0000', '304204.2100', '34.0000');
INSERT INTO ISRC (ISRC_ID, ISRC_ISR_ID, ISRC_LI, ISRC_LS, ISRC_CUOTA, ISRC_EXC) VALUES ('264', '24', '3498600.0100', '3498600.0200', '1097220.2100', '35.0000');
INSERT INTO ISRC (ISRC_ID, ISRC_ISR_ID, ISRC_LI, ISRC_LS, ISRC_CUOTA, ISRC_EXC) VALUES ('265', '25', '0.0100', '21.2000', '0.0000', '1.9200');
INSERT INTO ISRC (ISRC_ID, ISRC_ISR_ID, ISRC_LI, ISRC_LS, ISRC_CUOTA, ISRC_EXC) VALUES ('266', '25', '21.2100', '179.9600', '0.4100', '6.4000');
INSERT INTO ISRC (ISRC_ID, ISRC_ISR_ID, ISRC_LI, ISRC_LS, ISRC_CUOTA, ISRC_EXC) VALUES ('267', '25', '179.9700', '316.2700', '10.5700', '10.8800');
INSERT INTO ISRC (ISRC_ID, ISRC_ISR_ID, ISRC_LI, ISRC_LS, ISRC_CUOTA, ISRC_EXC) VALUES ('268', '25', '316.2800', '367.6500', '25.4000', '16.0000');
INSERT INTO ISRC (ISRC_ID, ISRC_ISR_ID, ISRC_LI, ISRC_LS, ISRC_CUOTA, ISRC_EXC) VALUES ('269', '25', '367.6600', '440.1800', '33.6200', '17.9200');
INSERT INTO ISRC (ISRC_ID, ISRC_ISR_ID, ISRC_LI, ISRC_LS, ISRC_CUOTA, ISRC_EXC) VALUES ('270', '25', '440.1900', '887.7800', '46.6200', '21.3600');
INSERT INTO ISRC (ISRC_ID, ISRC_ISR_ID, ISRC_LI, ISRC_LS, ISRC_CUOTA, ISRC_EXC) VALUES ('271', '25', '887.7900', '1399.2600', '142.2200', '23.5200');
INSERT INTO ISRC (ISRC_ID, ISRC_ISR_ID, ISRC_LI, ISRC_LS, ISRC_CUOTA, ISRC_EXC) VALUES ('272', '25', '1399.2700', '2671.4200', '262.5200', '30.0000');
INSERT INTO ISRC (ISRC_ID, ISRC_ISR_ID, ISRC_LI, ISRC_LS, ISRC_CUOTA, ISRC_EXC) VALUES ('273', '25', '2671.4300', '3561.9000', '644.1700', '32.0000');
INSERT INTO ISRC (ISRC_ID, ISRC_ISR_ID, ISRC_LI, ISRC_LS, ISRC_CUOTA, ISRC_EXC) VALUES ('274', '25', '3561.9100', '10685.6900', '929.1200', '34.0000');
INSERT INTO ISRC (ISRC_ID, ISRC_ISR_ID, ISRC_LI, ISRC_LS, ISRC_CUOTA, ISRC_EXC) VALUES ('275', '25', '10685.7000', '10685.7100', '3351.2100', '35.0000');
INSERT INTO ISRC (ISRC_ID, ISRC_ISR_ID, ISRC_LI, ISRC_LS, ISRC_CUOTA, ISRC_EXC) VALUES ('276', '26', '0.0100', '148.4000', '0.0000', '1.9200');
INSERT INTO ISRC (ISRC_ID, ISRC_ISR_ID, ISRC_LI, ISRC_LS, ISRC_CUOTA, ISRC_EXC) VALUES ('277', '26', '148.4100', '1259.7200', '2.8700', '6.4000');
INSERT INTO ISRC (ISRC_ID, ISRC_ISR_ID, ISRC_LI, ISRC_LS, ISRC_CUOTA, ISRC_EXC) VALUES ('278', '26', '1259.7300', '2213.8900', '73.9900', '10.8800');
INSERT INTO ISRC (ISRC_ID, ISRC_ISR_ID, ISRC_LI, ISRC_LS, ISRC_CUOTA, ISRC_EXC) VALUES ('279', '26', '2213.9000', '2573.5500', '177.8000', '16.0000');
INSERT INTO ISRC (ISRC_ID, ISRC_ISR_ID, ISRC_LI, ISRC_LS, ISRC_CUOTA, ISRC_EXC) VALUES ('280', '26', '2573.5600', '3081.2600', '235.3400', '17.9200');
INSERT INTO ISRC (ISRC_ID, ISRC_ISR_ID, ISRC_LI, ISRC_LS, ISRC_CUOTA, ISRC_EXC) VALUES ('281', '26', '3081.2700', '6214.4600', '326.3400', '21.3600');
INSERT INTO ISRC (ISRC_ID, ISRC_ISR_ID, ISRC_LI, ISRC_LS, ISRC_CUOTA, ISRC_EXC) VALUES ('282', '26', '6214.4700', '9794.8200', '995.5400', '23.5200');
INSERT INTO ISRC (ISRC_ID, ISRC_ISR_ID, ISRC_LI, ISRC_LS, ISRC_CUOTA, ISRC_EXC) VALUES ('283', '26', '9794.8300', '18699.9400', '1837.6400', '30.0000');
INSERT INTO ISRC (ISRC_ID, ISRC_ISR_ID, ISRC_LI, ISRC_LS, ISRC_CUOTA, ISRC_EXC) VALUES ('284', '26', '18699.9500', '24933.3000', '4509.1900', '32.0000');
INSERT INTO ISRC (ISRC_ID, ISRC_ISR_ID, ISRC_LI, ISRC_LS, ISRC_CUOTA, ISRC_EXC) VALUES ('285', '26', '24933.3100', '74799.8300', '6503.8400', '34.0000');
INSERT INTO ISRC (ISRC_ID, ISRC_ISR_ID, ISRC_LI, ISRC_LS, ISRC_CUOTA, ISRC_EXC) VALUES ('286', '26', '74799.8400', '74799.8500', '23458.4700', '35.0000');
INSERT INTO ISRC (ISRC_ID, ISRC_ISR_ID, ISRC_LI, ISRC_LS, ISRC_CUOTA, ISRC_EXC) VALUES ('287', '27', '0.0100', '212.0000', '0.0000', '1.9200');
INSERT INTO ISRC (ISRC_ID, ISRC_ISR_ID, ISRC_LI, ISRC_LS, ISRC_CUOTA, ISRC_EXC) VALUES ('288', '27', '212.0100', '1799.6000', '4.1000', '6.4000');
INSERT INTO ISRC (ISRC_ID, ISRC_ISR_ID, ISRC_LI, ISRC_LS, ISRC_CUOTA, ISRC_EXC) VALUES ('289', '27', '1799.6100', '3162.7000', '105.7000', '10.8800');
INSERT INTO ISRC (ISRC_ID, ISRC_ISR_ID, ISRC_LI, ISRC_LS, ISRC_CUOTA, ISRC_EXC) VALUES ('290', '27', '3162.7100', '3676.5000', '254.0000', '16.0000');
INSERT INTO ISRC (ISRC_ID, ISRC_ISR_ID, ISRC_LI, ISRC_LS, ISRC_CUOTA, ISRC_EXC) VALUES ('291', '27', '3676.5100', '4401.8000', '336.2000', '17.9200');
INSERT INTO ISRC (ISRC_ID, ISRC_ISR_ID, ISRC_LI, ISRC_LS, ISRC_CUOTA, ISRC_EXC) VALUES ('292', '27', '4401.8100', '8877.8000', '466.2000', '21.3600');
INSERT INTO ISRC (ISRC_ID, ISRC_ISR_ID, ISRC_LI, ISRC_LS, ISRC_CUOTA, ISRC_EXC) VALUES ('293', '27', '8877.8100', '13992.6000', '1422.2000', '23.5200');
INSERT INTO ISRC (ISRC_ID, ISRC_ISR_ID, ISRC_LI, ISRC_LS, ISRC_CUOTA, ISRC_EXC) VALUES ('294', '27', '13992.6100', '26714.2000', '2625.2000', '30.0000');
INSERT INTO ISRC (ISRC_ID, ISRC_ISR_ID, ISRC_LI, ISRC_LS, ISRC_CUOTA, ISRC_EXC) VALUES ('295', '27', '26714.2100', '35619.0000', '6441.7000', '32.0000');
INSERT INTO ISRC (ISRC_ID, ISRC_ISR_ID, ISRC_LI, ISRC_LS, ISRC_CUOTA, ISRC_EXC) VALUES ('296', '27', '35619.0100', '106856.9000', '9291.2000', '34.0000');
INSERT INTO ISRC (ISRC_ID, ISRC_ISR_ID, ISRC_LI, ISRC_LS, ISRC_CUOTA, ISRC_EXC) VALUES ('297', '27', '106856.9100', '106856.9200', '33512.1000', '35.0000');
INSERT INTO ISRC (ISRC_ID, ISRC_ISR_ID, ISRC_LI, ISRC_LS, ISRC_CUOTA, ISRC_EXC) VALUES ('298', '28', '0.0100', '318.0000', '0.0000', '1.9200');
INSERT INTO ISRC (ISRC_ID, ISRC_ISR_ID, ISRC_LI, ISRC_LS, ISRC_CUOTA, ISRC_EXC) VALUES ('299', '28', '318.0100', '2699.4000', '6.1500', '6.4000');
INSERT INTO ISRC (ISRC_ID, ISRC_ISR_ID, ISRC_LI, ISRC_LS, ISRC_CUOTA, ISRC_EXC) VALUES ('300', '28', '2699.4100', '4744.0500', '158.5500', '10.8800');
INSERT INTO ISRC (ISRC_ID, ISRC_ISR_ID, ISRC_LI, ISRC_LS, ISRC_CUOTA, ISRC_EXC) VALUES ('301', '28', '4744.0600', '5514.7500', '381.0000', '16.0000');
INSERT INTO ISRC (ISRC_ID, ISRC_ISR_ID, ISRC_LI, ISRC_LS, ISRC_CUOTA, ISRC_EXC) VALUES ('302', '28', '5514.7600', '6602.7000', '504.3000', '17.9200');
INSERT INTO ISRC (ISRC_ID, ISRC_ISR_ID, ISRC_LI, ISRC_LS, ISRC_CUOTA, ISRC_EXC) VALUES ('303', '28', '6602.7100', '13316.7000', '699.3000', '21.3600');
INSERT INTO ISRC (ISRC_ID, ISRC_ISR_ID, ISRC_LI, ISRC_LS, ISRC_CUOTA, ISRC_EXC) VALUES ('304', '28', '13316.7100', '20988.9000', '2133.3000', '23.5200');
INSERT INTO ISRC (ISRC_ID, ISRC_ISR_ID, ISRC_LI, ISRC_LS, ISRC_CUOTA, ISRC_EXC) VALUES ('305', '28', '20988.9100', '40071.3000', '3937.8000', '30.0000');
INSERT INTO ISRC (ISRC_ID, ISRC_ISR_ID, ISRC_LI, ISRC_LS, ISRC_CUOTA, ISRC_EXC) VALUES ('306', '28', '40071.3100', '53428.5000', '9662.5500', '32.0000');
INSERT INTO ISRC (ISRC_ID, ISRC_ISR_ID, ISRC_LI, ISRC_LS, ISRC_CUOTA, ISRC_EXC) VALUES ('307', '28', '53428.5100', '160285.3500', '13936.8000', '34.0000');
INSERT INTO ISRC (ISRC_ID, ISRC_ISR_ID, ISRC_LI, ISRC_LS, ISRC_CUOTA, ISRC_EXC) VALUES ('308', '28', '160285.3600', '160285.3700', '50268.1500', '35.0000');
INSERT INTO ISRC (ISRC_ID, ISRC_ISR_ID, ISRC_LI, ISRC_LS, ISRC_CUOTA, ISRC_EXC) VALUES ('309', '29', '0.0100', '644.5800', '0.0000', '1.9200');
INSERT INTO ISRC (ISRC_ID, ISRC_ISR_ID, ISRC_LI, ISRC_LS, ISRC_CUOTA, ISRC_EXC) VALUES ('310', '29', '644.5900', '5470.9200', '12.3800', '6.4000');
INSERT INTO ISRC (ISRC_ID, ISRC_ISR_ID, ISRC_LI, ISRC_LS, ISRC_CUOTA, ISRC_EXC) VALUES ('311', '29', '5470.9300', '9614.6600', '321.2600', '10.8800');
INSERT INTO ISRC (ISRC_ID, ISRC_ISR_ID, ISRC_LI, ISRC_LS, ISRC_CUOTA, ISRC_EXC) VALUES ('312', '29', '9614.6700', '11176.6200', '772.1000', '16.0000');
INSERT INTO ISRC (ISRC_ID, ISRC_ISR_ID, ISRC_LI, ISRC_LS, ISRC_CUOTA, ISRC_EXC) VALUES ('313', '29', '11176.6300', '13381.4700', '1022.0100', '17.9200');
INSERT INTO ISRC (ISRC_ID, ISRC_ISR_ID, ISRC_LI, ISRC_LS, ISRC_CUOTA, ISRC_EXC) VALUES ('314', '29', '13381.4800', '26988.5000', '1417.1200', '21.3600');
INSERT INTO ISRC (ISRC_ID, ISRC_ISR_ID, ISRC_LI, ISRC_LS, ISRC_CUOTA, ISRC_EXC) VALUES ('315', '29', '26988.5100', '42537.5800', '4323.5800', '23.5200');
INSERT INTO ISRC (ISRC_ID, ISRC_ISR_ID, ISRC_LI, ISRC_LS, ISRC_CUOTA, ISRC_EXC) VALUES ('316', '29', '42537.5900', '81211.2500', '7980.7300', '30.0000');
INSERT INTO ISRC (ISRC_ID, ISRC_ISR_ID, ISRC_LI, ISRC_LS, ISRC_CUOTA, ISRC_EXC) VALUES ('317', '29', '81211.2600', '108281.6700', '19582.8300', '32.0000');
INSERT INTO ISRC (ISRC_ID, ISRC_ISR_ID, ISRC_LI, ISRC_LS, ISRC_CUOTA, ISRC_EXC) VALUES ('318', '29', '108281.6800', '324845.0100', '28245.3600', '34.0000');
INSERT INTO ISRC (ISRC_ID, ISRC_ISR_ID, ISRC_LI, ISRC_LS, ISRC_CUOTA, ISRC_EXC) VALUES ('319', '29', '324845.0200', '324845.0300', '101876.9000', '35.0000');
INSERT INTO ISRC (ISRC_ID, ISRC_ISR_ID, ISRC_LI, ISRC_LS, ISRC_CUOTA, ISRC_EXC) VALUES ('320', '30', '0.0100', '7735.0000', '0.0000', '1.9200');
INSERT INTO ISRC (ISRC_ID, ISRC_ISR_ID, ISRC_LI, ISRC_LS, ISRC_CUOTA, ISRC_EXC) VALUES ('321', '30', '7735.0100', '65651.0700', '148.5100', '6.4000');
INSERT INTO ISRC (ISRC_ID, ISRC_ISR_ID, ISRC_LI, ISRC_LS, ISRC_CUOTA, ISRC_EXC) VALUES ('322', '30', '65651.0800', '115375.9000', '3855.1400', '10.8800');
INSERT INTO ISRC (ISRC_ID, ISRC_ISR_ID, ISRC_LI, ISRC_LS, ISRC_CUOTA, ISRC_EXC) VALUES ('323', '30', '115375.9100', '134119.4100', '9265.2000', '16.0000');
INSERT INTO ISRC (ISRC_ID, ISRC_ISR_ID, ISRC_LI, ISRC_LS, ISRC_CUOTA, ISRC_EXC) VALUES ('324', '30', '134119.4200', '160577.6500', '12264.1600', '17.9200');
INSERT INTO ISRC (ISRC_ID, ISRC_ISR_ID, ISRC_LI, ISRC_LS, ISRC_CUOTA, ISRC_EXC) VALUES ('325', '30', '160577.6600', '323862.0000', '17005.4700', '21.3600');
INSERT INTO ISRC (ISRC_ID, ISRC_ISR_ID, ISRC_LI, ISRC_LS, ISRC_CUOTA, ISRC_EXC) VALUES ('326', '30', '323862.0100', '510451.0000', '51883.0100', '23.5200');
INSERT INTO ISRC (ISRC_ID, ISRC_ISR_ID, ISRC_LI, ISRC_LS, ISRC_CUOTA, ISRC_EXC) VALUES ('327', '30', '510451.0100', '974535.0300', '95768.7400', '30.0000');
INSERT INTO ISRC (ISRC_ID, ISRC_ISR_ID, ISRC_LI, ISRC_LS, ISRC_CUOTA, ISRC_EXC) VALUES ('328', '30', '974535.0400', '1299380.0400', '234993.9500', '32.0000');
INSERT INTO ISRC (ISRC_ID, ISRC_ISR_ID, ISRC_LI, ISRC_LS, ISRC_CUOTA, ISRC_EXC) VALUES ('329', '30', '1299380.0500', '3898140.1200', '338944.3400', '34.0000');
INSERT INTO ISRC (ISRC_ID, ISRC_ISR_ID, ISRC_LI, ISRC_LS, ISRC_CUOTA, ISRC_EXC) VALUES ('330', '30', '3898140.1300', '3898140.1400', '1222522.7600', '35.0000');
INSERT INTO ISRC (ISRC_ID, ISRC_ISR_ID, ISRC_LI, ISRC_LS, ISRC_CUOTA, ISRC_EXC) VALUES ('337', '31', '0.0100', '24.5400', '0.0000', '1.9200');
INSERT INTO ISRC (ISRC_ID, ISRC_ISR_ID, ISRC_LI, ISRC_LS, ISRC_CUOTA, ISRC_EXC) VALUES ('338', '31', '24.5500', '208.2900', '0.4700', '6.4000');
INSERT INTO ISRC (ISRC_ID, ISRC_ISR_ID, ISRC_LI, ISRC_LS, ISRC_CUOTA, ISRC_EXC) VALUES ('339', '31', '208.3000', '366.0500', '12.2300', '10.8800');
INSERT INTO ISRC (ISRC_ID, ISRC_ISR_ID, ISRC_LI, ISRC_LS, ISRC_CUOTA, ISRC_EXC) VALUES ('340', '31', '366.0600', '425.5200', '29.4000', '16.0000');
INSERT INTO ISRC (ISRC_ID, ISRC_ISR_ID, ISRC_LI, ISRC_LS, ISRC_CUOTA, ISRC_EXC) VALUES ('341', '31', '425.5300', '509.4600', '38.9100', '17.9200');
INSERT INTO ISRC (ISRC_ID, ISRC_ISR_ID, ISRC_LI, ISRC_LS, ISRC_CUOTA, ISRC_EXC) VALUES ('342', '31', '509.4700', '1027.5200', '53.9500', '21.3600');
INSERT INTO ISRC (ISRC_ID, ISRC_ISR_ID, ISRC_LI, ISRC_LS, ISRC_CUOTA, ISRC_EXC) VALUES ('343', '31', '1027.5300', '1619.5100', '164.6100', '23.5200');
INSERT INTO ISRC (ISRC_ID, ISRC_ISR_ID, ISRC_LI, ISRC_LS, ISRC_CUOTA, ISRC_EXC) VALUES ('344', '31', '1619.5200', '3091.9000', '303.8500', '30.0000');
INSERT INTO ISRC (ISRC_ID, ISRC_ISR_ID, ISRC_LI, ISRC_LS, ISRC_CUOTA, ISRC_EXC) VALUES ('345', '31', '3091.9100', '4122.5400', '745.5600', '32.0000');
INSERT INTO ISRC (ISRC_ID, ISRC_ISR_ID, ISRC_LI, ISRC_LS, ISRC_CUOTA, ISRC_EXC) VALUES ('346', '31', '4122.5500', '12367.6200', '1075.3700', '34.0000');
INSERT INTO ISRC (ISRC_ID, ISRC_ISR_ID, ISRC_LI, ISRC_LS, ISRC_CUOTA, ISRC_EXC) VALUES ('347', '31', '12367.6300', '99999.0000', '3878.6900', '35.0000');
INSERT INTO ISRC (ISRC_ID, ISRC_ISR_ID, ISRC_LI, ISRC_LS, ISRC_CUOTA, ISRC_EXC) VALUES ('398', '32', '0.0100', '171.7800', '0.0000', '1.9200');
INSERT INTO ISRC (ISRC_ID, ISRC_ISR_ID, ISRC_LI, ISRC_LS, ISRC_CUOTA, ISRC_EXC) VALUES ('399', '32', '171.7900', '1458.0300', '3.2900', '6.4000');
INSERT INTO ISRC (ISRC_ID, ISRC_ISR_ID, ISRC_LI, ISRC_LS, ISRC_CUOTA, ISRC_EXC) VALUES ('400', '32', '1458.0400', '2562.3500', '85.6100', '10.8800');
INSERT INTO ISRC (ISRC_ID, ISRC_ISR_ID, ISRC_LI, ISRC_LS, ISRC_CUOTA, ISRC_EXC) VALUES ('401', '32', '2562.3600', '2978.6400', '205.8000', '16.0000');
INSERT INTO ISRC (ISRC_ID, ISRC_ISR_ID, ISRC_LI, ISRC_LS, ISRC_CUOTA, ISRC_EXC) VALUES ('402', '32', '2978.6500', '3566.2200', '272.3700', '17.9200');
INSERT INTO ISRC (ISRC_ID, ISRC_ISR_ID, ISRC_LI, ISRC_LS, ISRC_CUOTA, ISRC_EXC) VALUES ('403', '32', '3566.2300', '7192.6400', '377.6500', '21.3600');
INSERT INTO ISRC (ISRC_ID, ISRC_ISR_ID, ISRC_LI, ISRC_LS, ISRC_CUOTA, ISRC_EXC) VALUES ('404', '32', '7192.6500', '11336.5700', '1152.2700', '23.5200');
INSERT INTO ISRC (ISRC_ID, ISRC_ISR_ID, ISRC_LI, ISRC_LS, ISRC_CUOTA, ISRC_EXC) VALUES ('405', '32', '11336.5800', '21643.3000', '2126.9500', '30.0000');
INSERT INTO ISRC (ISRC_ID, ISRC_ISR_ID, ISRC_LI, ISRC_LS, ISRC_CUOTA, ISRC_EXC) VALUES ('406', '32', '21643.3100', '28857.7800', '5218.9200', '32.0000');
INSERT INTO ISRC (ISRC_ID, ISRC_ISR_ID, ISRC_LI, ISRC_LS, ISRC_CUOTA, ISRC_EXC) VALUES ('407', '32', '28857.7900', '86573.3400', '7527.5900', '34.0000');
INSERT INTO ISRC (ISRC_ID, ISRC_ISR_ID, ISRC_LI, ISRC_LS, ISRC_CUOTA, ISRC_EXC) VALUES ('408', '32', '86573.3500', '999999.9900', '27150.8300', '35.0000');
INSERT INTO ISRC (ISRC_ID, ISRC_ISR_ID, ISRC_LI, ISRC_LS, ISRC_CUOTA, ISRC_EXC) VALUES ('409', '33', '0.0100', '245.4000', '0.0000', '1.9200');
INSERT INTO ISRC (ISRC_ID, ISRC_ISR_ID, ISRC_LI, ISRC_LS, ISRC_CUOTA, ISRC_EXC) VALUES ('410', '33', '245.4100', '2082.9000', '4.7000', '6.4000');
INSERT INTO ISRC (ISRC_ID, ISRC_ISR_ID, ISRC_LI, ISRC_LS, ISRC_CUOTA, ISRC_EXC) VALUES ('411', '33', '2082.9100', '3660.5000', '122.3000', '10.8800');
INSERT INTO ISRC (ISRC_ID, ISRC_ISR_ID, ISRC_LI, ISRC_LS, ISRC_CUOTA, ISRC_EXC) VALUES ('412', '33', '3660.5100', '4255.2000', '294.0000', '16.0000');
INSERT INTO ISRC (ISRC_ID, ISRC_ISR_ID, ISRC_LI, ISRC_LS, ISRC_CUOTA, ISRC_EXC) VALUES ('413', '33', '4255.2100', '5094.6000', '389.1000', '17.9200');
INSERT INTO ISRC (ISRC_ID, ISRC_ISR_ID, ISRC_LI, ISRC_LS, ISRC_CUOTA, ISRC_EXC) VALUES ('414', '33', '5094.6100', '10275.2000', '539.5000', '21.3600');
INSERT INTO ISRC (ISRC_ID, ISRC_ISR_ID, ISRC_LI, ISRC_LS, ISRC_CUOTA, ISRC_EXC) VALUES ('415', '33', '10275.2100', '16195.1000', '1646.1000', '23.5200');
INSERT INTO ISRC (ISRC_ID, ISRC_ISR_ID, ISRC_LI, ISRC_LS, ISRC_CUOTA, ISRC_EXC) VALUES ('416', '33', '16195.1100', '30919.0000', '3038.5000', '30.0000');
INSERT INTO ISRC (ISRC_ID, ISRC_ISR_ID, ISRC_LI, ISRC_LS, ISRC_CUOTA, ISRC_EXC) VALUES ('417', '33', '30919.0100', '41225.4000', '7455.6000', '32.0000');
INSERT INTO ISRC (ISRC_ID, ISRC_ISR_ID, ISRC_LI, ISRC_LS, ISRC_CUOTA, ISRC_EXC) VALUES ('418', '33', '41225.4100', '123676.2000', '10753.7000', '34.0000');
INSERT INTO ISRC (ISRC_ID, ISRC_ISR_ID, ISRC_LI, ISRC_LS, ISRC_CUOTA, ISRC_EXC) VALUES ('419', '33', '123676.2100', '123676.2200', '38786.9000', '35.0000');
INSERT INTO ISRC (ISRC_ID, ISRC_ISR_ID, ISRC_LI, ISRC_LS, ISRC_CUOTA, ISRC_EXC) VALUES ('442', '34', '0.0100', '368.1000', '0.0000', '1.9200');
INSERT INTO ISRC (ISRC_ID, ISRC_ISR_ID, ISRC_LI, ISRC_LS, ISRC_CUOTA, ISRC_EXC) VALUES ('443', '34', '368.1100', '3124.3500', '7.0500', '6.4000');
INSERT INTO ISRC (ISRC_ID, ISRC_ISR_ID, ISRC_LI, ISRC_LS, ISRC_CUOTA, ISRC_EXC) VALUES ('444', '34', '3124.3600', '5490.7500', '183.4500', '10.8800');
INSERT INTO ISRC (ISRC_ID, ISRC_ISR_ID, ISRC_LI, ISRC_LS, ISRC_CUOTA, ISRC_EXC) VALUES ('445', '34', '5490.7600', '6382.8000', '441.0000', '16.0000');
INSERT INTO ISRC (ISRC_ID, ISRC_ISR_ID, ISRC_LI, ISRC_LS, ISRC_CUOTA, ISRC_EXC) VALUES ('446', '34', '6382.8100', '7641.9000', '583.6500', '17.9200');
INSERT INTO ISRC (ISRC_ID, ISRC_ISR_ID, ISRC_LI, ISRC_LS, ISRC_CUOTA, ISRC_EXC) VALUES ('447', '34', '7641.9100', '15412.8000', '809.2500', '21.3600');
INSERT INTO ISRC (ISRC_ID, ISRC_ISR_ID, ISRC_LI, ISRC_LS, ISRC_CUOTA, ISRC_EXC) VALUES ('448', '34', '15412.8100', '24292.6500', '2469.1500', '23.5200');
INSERT INTO ISRC (ISRC_ID, ISRC_ISR_ID, ISRC_LI, ISRC_LS, ISRC_CUOTA, ISRC_EXC) VALUES ('449', '34', '24292.6600', '46378.5000', '4557.7500', '30.0000');
INSERT INTO ISRC (ISRC_ID, ISRC_ISR_ID, ISRC_LI, ISRC_LS, ISRC_CUOTA, ISRC_EXC) VALUES ('450', '34', '46378.5100', '61838.1000', '11183.4000', '32.0000');
INSERT INTO ISRC (ISRC_ID, ISRC_ISR_ID, ISRC_LI, ISRC_LS, ISRC_CUOTA, ISRC_EXC) VALUES ('451', '34', '61838.1100', '185514.3000', '16130.5500', '34.0000');
INSERT INTO ISRC (ISRC_ID, ISRC_ISR_ID, ISRC_LI, ISRC_LS, ISRC_CUOTA, ISRC_EXC) VALUES ('452', '34', '185514.3100', '185514.3200', '58180.3500', '35.0000');
INSERT INTO ISRC (ISRC_ID, ISRC_ISR_ID, ISRC_LI, ISRC_LS, ISRC_CUOTA, ISRC_EXC) VALUES ('453', '35', '0.0100', '746.0400', '0.0000', '1.9200');
INSERT INTO ISRC (ISRC_ID, ISRC_ISR_ID, ISRC_LI, ISRC_LS, ISRC_CUOTA, ISRC_EXC) VALUES ('454', '35', '746.0500', '6332.0500', '14.3200', '6.4000');
INSERT INTO ISRC (ISRC_ID, ISRC_ISR_ID, ISRC_LI, ISRC_LS, ISRC_CUOTA, ISRC_EXC) VALUES ('455', '35', '6332.0600', '11128.0100', '371.8300', '10.8800');
INSERT INTO ISRC (ISRC_ID, ISRC_ISR_ID, ISRC_LI, ISRC_LS, ISRC_CUOTA, ISRC_EXC) VALUES ('456', '35', '11128.0200', '12935.8200', '893.6300', '16.0000');
INSERT INTO ISRC (ISRC_ID, ISRC_ISR_ID, ISRC_LI, ISRC_LS, ISRC_CUOTA, ISRC_EXC) VALUES ('457', '35', '12935.8300', '15487.7100', '1182.8800', '17.9200');
INSERT INTO ISRC (ISRC_ID, ISRC_ISR_ID, ISRC_LI, ISRC_LS, ISRC_CUOTA, ISRC_EXC) VALUES ('458', '35', '15487.7200', '31236.4900', '1640.1800', '21.3600');
INSERT INTO ISRC (ISRC_ID, ISRC_ISR_ID, ISRC_LI, ISRC_LS, ISRC_CUOTA, ISRC_EXC) VALUES ('459', '35', '31236.5000', '49233.0000', '5004.1200', '23.5200');
INSERT INTO ISRC (ISRC_ID, ISRC_ISR_ID, ISRC_LI, ISRC_LS, ISRC_CUOTA, ISRC_EXC) VALUES ('460', '35', '49233.0100', '93993.9000', '9236.8900', '30.0000');
INSERT INTO ISRC (ISRC_ID, ISRC_ISR_ID, ISRC_LI, ISRC_LS, ISRC_CUOTA, ISRC_EXC) VALUES ('461', '35', '93993.9100', '125325.2000', '22665.1700', '32.0000');
INSERT INTO ISRC (ISRC_ID, ISRC_ISR_ID, ISRC_LI, ISRC_LS, ISRC_CUOTA, ISRC_EXC) VALUES ('462', '35', '125325.2100', '375975.6100', '32691.1800', '34.0000');
INSERT INTO ISRC (ISRC_ID, ISRC_ISR_ID, ISRC_LI, ISRC_LS, ISRC_CUOTA, ISRC_EXC) VALUES ('463', '35', '375975.6200', '375975.6200', '117912.3200', '35.0000');
INSERT INTO ISRC (ISRC_ID, ISRC_ISR_ID, ISRC_LI, ISRC_LS, ISRC_CUOTA, ISRC_EXC) VALUES ('464', '36', '0.0100', '2238.1200', '0.0000', '1.9200');
INSERT INTO ISRC (ISRC_ID, ISRC_ISR_ID, ISRC_LI, ISRC_LS, ISRC_CUOTA, ISRC_EXC) VALUES ('465', '36', '8952.5000', '75984.5500', '171.8800', '6.4000');
INSERT INTO ISRC (ISRC_ID, ISRC_ISR_ID, ISRC_LI, ISRC_LS, ISRC_CUOTA, ISRC_EXC) VALUES ('466', '36', '75984.5600', '133536.0700', '4461.9400', '10.8800');
INSERT INTO ISRC (ISRC_ID, ISRC_ISR_ID, ISRC_LI, ISRC_LS, ISRC_CUOTA, ISRC_EXC) VALUES ('467', '36', '133536.0800', '155229.8000', '10723.5500', '16.0000');
INSERT INTO ISRC (ISRC_ID, ISRC_ISR_ID, ISRC_LI, ISRC_LS, ISRC_CUOTA, ISRC_EXC) VALUES ('468', '36', '155229.8100', '185852.5700', '14194.5400', '17.9200');
INSERT INTO ISRC (ISRC_ID, ISRC_ISR_ID, ISRC_LI, ISRC_LS, ISRC_CUOTA, ISRC_EXC) VALUES ('469', '36', '185852.5800', '374837.8800', '19682.1300', '21.3600');
INSERT INTO ISRC (ISRC_ID, ISRC_ISR_ID, ISRC_LI, ISRC_LS, ISRC_CUOTA, ISRC_EXC) VALUES ('470', '36', '374837.8900', '590795.9900', '60049.4000', '23.5200');
INSERT INTO ISRC (ISRC_ID, ISRC_ISR_ID, ISRC_LI, ISRC_LS, ISRC_CUOTA, ISRC_EXC) VALUES ('471', '36', '590796.0000', '1127926.8400', '110842.7400', '30.0000');
INSERT INTO ISRC (ISRC_ID, ISRC_ISR_ID, ISRC_LI, ISRC_LS, ISRC_CUOTA, ISRC_EXC) VALUES ('472', '36', '1127926.8500', '1503902.4600', '271981.9900', '32.0000');
INSERT INTO ISRC (ISRC_ID, ISRC_ISR_ID, ISRC_LI, ISRC_LS, ISRC_CUOTA, ISRC_EXC) VALUES ('473', '36', '1503902.4700', '4511707.3700', '392294.1700', '34.0000');
INSERT INTO ISRC (ISRC_ID, ISRC_ISR_ID, ISRC_LI, ISRC_LS, ISRC_CUOTA, ISRC_EXC) VALUES ('474', '36', '4511707.3800', '4511707.3800', '1414947.8500', '35.0000');

/* TABLAS DE SUBSIDIO AL EMPLEO */
INSERT INTO SBSD (SBSD_ID, SBSD_ISR_ID, SBSD_PARA, SBSD_HASTA, SBSD_CNTDD) VALUES ('1', '1', '0.0100', '58.1900', '13.3900');
INSERT INTO SBSD (SBSD_ID, SBSD_ISR_ID, SBSD_PARA, SBSD_HASTA, SBSD_CNTDD) VALUES ('2', '1', '58.2000', '87.2800', '13.3800');
INSERT INTO SBSD (SBSD_ID, SBSD_ISR_ID, SBSD_PARA, SBSD_HASTA, SBSD_CNTDD) VALUES ('3', '1', '87.2900', '114.2400', '13.3800');
INSERT INTO SBSD (SBSD_ID, SBSD_ISR_ID, SBSD_PARA, SBSD_HASTA, SBSD_CNTDD) VALUES ('4', '1', '114.2500', '116.3800', '12.9200');
INSERT INTO SBSD (SBSD_ID, SBSD_ISR_ID, SBSD_PARA, SBSD_HASTA, SBSD_CNTDD) VALUES ('5', '1', '116.3900', '146.2500', '12.5800');
INSERT INTO SBSD (SBSD_ID, SBSD_ISR_ID, SBSD_PARA, SBSD_HASTA, SBSD_CNTDD) VALUES ('6', '1', '146.2600', '155.1700', '11.6500');
INSERT INTO SBSD (SBSD_ID, SBSD_ISR_ID, SBSD_PARA, SBSD_HASTA, SBSD_CNTDD) VALUES ('7', '1', '155.1800', '175.5100', '10.6900');
INSERT INTO SBSD (SBSD_ID, SBSD_ISR_ID, SBSD_PARA, SBSD_HASTA, SBSD_CNTDD) VALUES ('8', '1', '175.5200', '204.7600', '9.6900');
INSERT INTO SBSD (SBSD_ID, SBSD_ISR_ID, SBSD_PARA, SBSD_HASTA, SBSD_CNTDD) VALUES ('9', '1', '204.7700', '234.0100', '8.3400');
INSERT INTO SBSD (SBSD_ID, SBSD_ISR_ID, SBSD_PARA, SBSD_HASTA, SBSD_CNTDD) VALUES ('10', '1', '234.0200', '242.8400', '7.1600');
INSERT INTO SBSD (SBSD_ID, SBSD_ISR_ID, SBSD_PARA, SBSD_HASTA, SBSD_CNTDD) VALUES ('11', '1', '242.8500', '242.8600', '0.0000');
INSERT INTO SBSD (SBSD_ID, SBSD_ISR_ID, SBSD_PARA, SBSD_HASTA, SBSD_CNTDD) VALUES ('12', '2', '0.0100', '407.3300', '93.7300');
INSERT INTO SBSD (SBSD_ID, SBSD_ISR_ID, SBSD_PARA, SBSD_HASTA, SBSD_CNTDD) VALUES ('13', '2', '407.3400', '610.9600', '93.6600');
INSERT INTO SBSD (SBSD_ID, SBSD_ISR_ID, SBSD_PARA, SBSD_HASTA, SBSD_CNTDD) VALUES ('14', '2', '610.9700', '799.6800', '93.6600');
INSERT INTO SBSD (SBSD_ID, SBSD_ISR_ID, SBSD_PARA, SBSD_HASTA, SBSD_CNTDD) VALUES ('15', '2', '799.6900', '814.6600', '90.4400');
INSERT INTO SBSD (SBSD_ID, SBSD_ISR_ID, SBSD_PARA, SBSD_HASTA, SBSD_CNTDD) VALUES ('16', '2', '814.6700', '1023.7500', '88.0600');
INSERT INTO SBSD (SBSD_ID, SBSD_ISR_ID, SBSD_PARA, SBSD_HASTA, SBSD_CNTDD) VALUES ('17', '2', '1023.7600', '1086.1900', '81.5500');
INSERT INTO SBSD (SBSD_ID, SBSD_ISR_ID, SBSD_PARA, SBSD_HASTA, SBSD_CNTDD) VALUES ('18', '2', '1086.2000', '1228.5700', '74.8300');
INSERT INTO SBSD (SBSD_ID, SBSD_ISR_ID, SBSD_PARA, SBSD_HASTA, SBSD_CNTDD) VALUES ('19', '2', '1228.5800', '1433.3200', '67.8300');
INSERT INTO SBSD (SBSD_ID, SBSD_ISR_ID, SBSD_PARA, SBSD_HASTA, SBSD_CNTDD) VALUES ('20', '2', '1433.3300', '1638.0700', '58.3800');
INSERT INTO SBSD (SBSD_ID, SBSD_ISR_ID, SBSD_PARA, SBSD_HASTA, SBSD_CNTDD) VALUES ('21', '2', '1638.0800', '1699.8800', '50.1200');
INSERT INTO SBSD (SBSD_ID, SBSD_ISR_ID, SBSD_PARA, SBSD_HASTA, SBSD_CNTDD) VALUES ('22', '2', '1699.8900', '1699.9000', '0.0000');
INSERT INTO SBSD (SBSD_ID, SBSD_ISR_ID, SBSD_PARA, SBSD_HASTA, SBSD_CNTDD) VALUES ('23', '3', '0.0100', '581.9000', '133.9000');
INSERT INTO SBSD (SBSD_ID, SBSD_ISR_ID, SBSD_PARA, SBSD_HASTA, SBSD_CNTDD) VALUES ('24', '3', '581.9100', '872.8000', '133.8000');
INSERT INTO SBSD (SBSD_ID, SBSD_ISR_ID, SBSD_PARA, SBSD_HASTA, SBSD_CNTDD) VALUES ('25', '3', '872.8100', '1142.4000', '133.8000');
INSERT INTO SBSD (SBSD_ID, SBSD_ISR_ID, SBSD_PARA, SBSD_HASTA, SBSD_CNTDD) VALUES ('26', '3', '1142.4100', '1163.8000', '129.2000');
INSERT INTO SBSD (SBSD_ID, SBSD_ISR_ID, SBSD_PARA, SBSD_HASTA, SBSD_CNTDD) VALUES ('27', '3', '1163.8100', '1462.5000', '125.8000');
INSERT INTO SBSD (SBSD_ID, SBSD_ISR_ID, SBSD_PARA, SBSD_HASTA, SBSD_CNTDD) VALUES ('28', '3', '1462.5100', '1551.7000', '116.5000');
INSERT INTO SBSD (SBSD_ID, SBSD_ISR_ID, SBSD_PARA, SBSD_HASTA, SBSD_CNTDD) VALUES ('29', '3', '1551.7100', '1755.1000', '106.9000');
INSERT INTO SBSD (SBSD_ID, SBSD_ISR_ID, SBSD_PARA, SBSD_HASTA, SBSD_CNTDD) VALUES ('30', '3', '1755.1100', '2047.6000', '96.9000');
INSERT INTO SBSD (SBSD_ID, SBSD_ISR_ID, SBSD_PARA, SBSD_HASTA, SBSD_CNTDD) VALUES ('31', '3', '2047.6100', '2340.1000', '83.4000');
INSERT INTO SBSD (SBSD_ID, SBSD_ISR_ID, SBSD_PARA, SBSD_HASTA, SBSD_CNTDD) VALUES ('32', '3', '2340.1100', '2428.4000', '71.6000');
INSERT INTO SBSD (SBSD_ID, SBSD_ISR_ID, SBSD_PARA, SBSD_HASTA, SBSD_CNTDD) VALUES ('33', '3', '2428.4100', '2428.4200', '0.0000');
INSERT INTO SBSD (SBSD_ID, SBSD_ISR_ID, SBSD_PARA, SBSD_HASTA, SBSD_CNTDD) VALUES ('34', '4', '0.0100', '872.8500', '200.8500');
INSERT INTO SBSD (SBSD_ID, SBSD_ISR_ID, SBSD_PARA, SBSD_HASTA, SBSD_CNTDD) VALUES ('35', '4', '872.8600', '1309.2000', '200.7000');
INSERT INTO SBSD (SBSD_ID, SBSD_ISR_ID, SBSD_PARA, SBSD_HASTA, SBSD_CNTDD) VALUES ('36', '4', '1309.2100', '1713.6000', '200.7000');
INSERT INTO SBSD (SBSD_ID, SBSD_ISR_ID, SBSD_PARA, SBSD_HASTA, SBSD_CNTDD) VALUES ('37', '4', '1713.6100', '1745.7000', '193.8000');
INSERT INTO SBSD (SBSD_ID, SBSD_ISR_ID, SBSD_PARA, SBSD_HASTA, SBSD_CNTDD) VALUES ('38', '4', '1745.7100', '2193.7500', '188.7000');
INSERT INTO SBSD (SBSD_ID, SBSD_ISR_ID, SBSD_PARA, SBSD_HASTA, SBSD_CNTDD) VALUES ('39', '4', '2193.7600', '2327.5500', '174.7500');
INSERT INTO SBSD (SBSD_ID, SBSD_ISR_ID, SBSD_PARA, SBSD_HASTA, SBSD_CNTDD) VALUES ('40', '4', '2327.5600', '2632.6500', '160.3500');
INSERT INTO SBSD (SBSD_ID, SBSD_ISR_ID, SBSD_PARA, SBSD_HASTA, SBSD_CNTDD) VALUES ('41', '4', '2632.6600', '3071.4000', '145.3500');
INSERT INTO SBSD (SBSD_ID, SBSD_ISR_ID, SBSD_PARA, SBSD_HASTA, SBSD_CNTDD) VALUES ('42', '4', '3071.4100', '3510.1500', '125.1000');
INSERT INTO SBSD (SBSD_ID, SBSD_ISR_ID, SBSD_PARA, SBSD_HASTA, SBSD_CNTDD) VALUES ('43', '4', '3510.1600', '3642.6000', '107.4000');
INSERT INTO SBSD (SBSD_ID, SBSD_ISR_ID, SBSD_PARA, SBSD_HASTA, SBSD_CNTDD) VALUES ('44', '4', '3642.6100', '3642.6200', '0.0000');
INSERT INTO SBSD (SBSD_ID, SBSD_ISR_ID, SBSD_PARA, SBSD_HASTA, SBSD_CNTDD) VALUES ('45', '5', '0.0100', '1768.9600', '407.0200');
INSERT INTO SBSD (SBSD_ID, SBSD_ISR_ID, SBSD_PARA, SBSD_HASTA, SBSD_CNTDD) VALUES ('46', '5', '1768.9700', '2653.3800', '406.8300');
INSERT INTO SBSD (SBSD_ID, SBSD_ISR_ID, SBSD_PARA, SBSD_HASTA, SBSD_CNTDD) VALUES ('47', '5', '2653.3900', '3472.8400', '406.6200');
INSERT INTO SBSD (SBSD_ID, SBSD_ISR_ID, SBSD_PARA, SBSD_HASTA, SBSD_CNTDD) VALUES ('48', '5', '3472.8500', '3537.8700', '392.7700');
INSERT INTO SBSD (SBSD_ID, SBSD_ISR_ID, SBSD_PARA, SBSD_HASTA, SBSD_CNTDD) VALUES ('49', '5', '3537.8800', '4446.1500', '382.4600');
INSERT INTO SBSD (SBSD_ID, SBSD_ISR_ID, SBSD_PARA, SBSD_HASTA, SBSD_CNTDD) VALUES ('50', '5', '4446.1600', '4717.1800', '354.2300');
INSERT INTO SBSD (SBSD_ID, SBSD_ISR_ID, SBSD_PARA, SBSD_HASTA, SBSD_CNTDD) VALUES ('51', '5', '4717.1900', '5335.4200', '324.8700');
INSERT INTO SBSD (SBSD_ID, SBSD_ISR_ID, SBSD_PARA, SBSD_HASTA, SBSD_CNTDD) VALUES ('52', '5', '5335.4300', '6224.6700', '294.6300');
INSERT INTO SBSD (SBSD_ID, SBSD_ISR_ID, SBSD_PARA, SBSD_HASTA, SBSD_CNTDD) VALUES ('53', '5', '6224.6800', '7113.9000', '253.5400');
INSERT INTO SBSD (SBSD_ID, SBSD_ISR_ID, SBSD_PARA, SBSD_HASTA, SBSD_CNTDD) VALUES ('54', '5', '7113.9100', '7382.3300', '217.6100');
INSERT INTO SBSD (SBSD_ID, SBSD_ISR_ID, SBSD_PARA, SBSD_HASTA, SBSD_CNTDD) VALUES ('55', '5', '7382.3400', '7382.3500', '0.0000');
INSERT INTO SBSD (SBSD_ID, SBSD_ISR_ID, SBSD_PARA, SBSD_HASTA, SBSD_CNTDD) VALUES ('56', '7', '0.0100', '58.1900', '13.3900');
INSERT INTO SBSD (SBSD_ID, SBSD_ISR_ID, SBSD_PARA, SBSD_HASTA, SBSD_CNTDD) VALUES ('57', '7', '58.2000', '87.2800', '13.3800');
INSERT INTO SBSD (SBSD_ID, SBSD_ISR_ID, SBSD_PARA, SBSD_HASTA, SBSD_CNTDD) VALUES ('58', '7', '87.2900', '114.2400', '13.3800');
INSERT INTO SBSD (SBSD_ID, SBSD_ISR_ID, SBSD_PARA, SBSD_HASTA, SBSD_CNTDD) VALUES ('59', '7', '114.2500', '116.3800', '12.9200');
INSERT INTO SBSD (SBSD_ID, SBSD_ISR_ID, SBSD_PARA, SBSD_HASTA, SBSD_CNTDD) VALUES ('60', '7', '116.3900', '146.2500', '12.5800');
INSERT INTO SBSD (SBSD_ID, SBSD_ISR_ID, SBSD_PARA, SBSD_HASTA, SBSD_CNTDD) VALUES ('61', '7', '146.2600', '155.1700', '11.6500');
INSERT INTO SBSD (SBSD_ID, SBSD_ISR_ID, SBSD_PARA, SBSD_HASTA, SBSD_CNTDD) VALUES ('62', '7', '155.1800', '175.5100', '10.6900');
INSERT INTO SBSD (SBSD_ID, SBSD_ISR_ID, SBSD_PARA, SBSD_HASTA, SBSD_CNTDD) VALUES ('63', '7', '175.5200', '204.7600', '9.6900');
INSERT INTO SBSD (SBSD_ID, SBSD_ISR_ID, SBSD_PARA, SBSD_HASTA, SBSD_CNTDD) VALUES ('64', '7', '204.7700', '234.0100', '8.3400');
INSERT INTO SBSD (SBSD_ID, SBSD_ISR_ID, SBSD_PARA, SBSD_HASTA, SBSD_CNTDD) VALUES ('65', '7', '234.0200', '242.8400', '7.1600');
INSERT INTO SBSD (SBSD_ID, SBSD_ISR_ID, SBSD_PARA, SBSD_HASTA, SBSD_CNTDD) VALUES ('66', '7', '242.8500', '242.8600', '0.0000');
INSERT INTO SBSD (SBSD_ID, SBSD_ISR_ID, SBSD_PARA, SBSD_HASTA, SBSD_CNTDD) VALUES ('67', '8', '0.0100', '407.3300', '93.7300');
INSERT INTO SBSD (SBSD_ID, SBSD_ISR_ID, SBSD_PARA, SBSD_HASTA, SBSD_CNTDD) VALUES ('68', '8', '407.3400', '610.9600', '93.6600');
INSERT INTO SBSD (SBSD_ID, SBSD_ISR_ID, SBSD_PARA, SBSD_HASTA, SBSD_CNTDD) VALUES ('69', '8', '610.9700', '799.6800', '93.6600');
INSERT INTO SBSD (SBSD_ID, SBSD_ISR_ID, SBSD_PARA, SBSD_HASTA, SBSD_CNTDD) VALUES ('70', '8', '799.6900', '814.6600', '90.4400');
INSERT INTO SBSD (SBSD_ID, SBSD_ISR_ID, SBSD_PARA, SBSD_HASTA, SBSD_CNTDD) VALUES ('71', '8', '814.6700', '1023.7500', '88.0600');
INSERT INTO SBSD (SBSD_ID, SBSD_ISR_ID, SBSD_PARA, SBSD_HASTA, SBSD_CNTDD) VALUES ('72', '8', '1023.7600', '1086.1900', '81.5500');
INSERT INTO SBSD (SBSD_ID, SBSD_ISR_ID, SBSD_PARA, SBSD_HASTA, SBSD_CNTDD) VALUES ('73', '8', '1086.2000', '1228.5700', '74.8300');
INSERT INTO SBSD (SBSD_ID, SBSD_ISR_ID, SBSD_PARA, SBSD_HASTA, SBSD_CNTDD) VALUES ('74', '8', '1228.5800', '1433.3200', '67.8300');
INSERT INTO SBSD (SBSD_ID, SBSD_ISR_ID, SBSD_PARA, SBSD_HASTA, SBSD_CNTDD) VALUES ('75', '8', '1433.3300', '1638.0700', '58.3800');
INSERT INTO SBSD (SBSD_ID, SBSD_ISR_ID, SBSD_PARA, SBSD_HASTA, SBSD_CNTDD) VALUES ('76', '8', '1638.0800', '1699.8800', '50.1200');
INSERT INTO SBSD (SBSD_ID, SBSD_ISR_ID, SBSD_PARA, SBSD_HASTA, SBSD_CNTDD) VALUES ('77', '8', '1699.8900', '1699.9000', '0.0000');
INSERT INTO SBSD (SBSD_ID, SBSD_ISR_ID, SBSD_PARA, SBSD_HASTA, SBSD_CNTDD) VALUES ('78', '9', '0.0100', '581.9000', '133.9000');
INSERT INTO SBSD (SBSD_ID, SBSD_ISR_ID, SBSD_PARA, SBSD_HASTA, SBSD_CNTDD) VALUES ('79', '9', '581.9100', '872.8000', '133.8000');
INSERT INTO SBSD (SBSD_ID, SBSD_ISR_ID, SBSD_PARA, SBSD_HASTA, SBSD_CNTDD) VALUES ('80', '9', '872.8100', '1142.4000', '133.8000');
INSERT INTO SBSD (SBSD_ID, SBSD_ISR_ID, SBSD_PARA, SBSD_HASTA, SBSD_CNTDD) VALUES ('81', '9', '1142.4100', '1163.8000', '129.2000');
INSERT INTO SBSD (SBSD_ID, SBSD_ISR_ID, SBSD_PARA, SBSD_HASTA, SBSD_CNTDD) VALUES ('82', '9', '1163.8100', '1462.5000', '125.8000');
INSERT INTO SBSD (SBSD_ID, SBSD_ISR_ID, SBSD_PARA, SBSD_HASTA, SBSD_CNTDD) VALUES ('83', '9', '1462.5100', '1551.7000', '116.5000');
INSERT INTO SBSD (SBSD_ID, SBSD_ISR_ID, SBSD_PARA, SBSD_HASTA, SBSD_CNTDD) VALUES ('84', '9', '1551.7100', '1755.1000', '106.9000');
INSERT INTO SBSD (SBSD_ID, SBSD_ISR_ID, SBSD_PARA, SBSD_HASTA, SBSD_CNTDD) VALUES ('85', '9', '1755.1100', '2047.6000', '96.9000');
INSERT INTO SBSD (SBSD_ID, SBSD_ISR_ID, SBSD_PARA, SBSD_HASTA, SBSD_CNTDD) VALUES ('86', '9', '2047.6100', '2340.1000', '83.4000');
INSERT INTO SBSD (SBSD_ID, SBSD_ISR_ID, SBSD_PARA, SBSD_HASTA, SBSD_CNTDD) VALUES ('87', '9', '2340.1100', '2428.4000', '71.6000');
INSERT INTO SBSD (SBSD_ID, SBSD_ISR_ID, SBSD_PARA, SBSD_HASTA, SBSD_CNTDD) VALUES ('88', '9', '2428.4100', '2428.4200', '0.0000');
INSERT INTO SBSD (SBSD_ID, SBSD_ISR_ID, SBSD_PARA, SBSD_HASTA, SBSD_CNTDD) VALUES ('89', '10', '0.0100', '872.8500', '200.8500');
INSERT INTO SBSD (SBSD_ID, SBSD_ISR_ID, SBSD_PARA, SBSD_HASTA, SBSD_CNTDD) VALUES ('90', '10', '872.8600', '1309.2000', '200.7000');
INSERT INTO SBSD (SBSD_ID, SBSD_ISR_ID, SBSD_PARA, SBSD_HASTA, SBSD_CNTDD) VALUES ('91', '10', '1309.2100', '1713.6000', '200.7000');
INSERT INTO SBSD (SBSD_ID, SBSD_ISR_ID, SBSD_PARA, SBSD_HASTA, SBSD_CNTDD) VALUES ('92', '10', '1713.6100', '1745.7000', '193.8000');
INSERT INTO SBSD (SBSD_ID, SBSD_ISR_ID, SBSD_PARA, SBSD_HASTA, SBSD_CNTDD) VALUES ('93', '10', '1745.7100', '2193.7500', '188.7000');
INSERT INTO SBSD (SBSD_ID, SBSD_ISR_ID, SBSD_PARA, SBSD_HASTA, SBSD_CNTDD) VALUES ('94', '10', '2193.7600', '2327.5500', '174.7500');
INSERT INTO SBSD (SBSD_ID, SBSD_ISR_ID, SBSD_PARA, SBSD_HASTA, SBSD_CNTDD) VALUES ('95', '10', '2327.5600', '2632.6500', '160.3500');
INSERT INTO SBSD (SBSD_ID, SBSD_ISR_ID, SBSD_PARA, SBSD_HASTA, SBSD_CNTDD) VALUES ('96', '10', '2632.6600', '3071.4000', '145.3500');
INSERT INTO SBSD (SBSD_ID, SBSD_ISR_ID, SBSD_PARA, SBSD_HASTA, SBSD_CNTDD) VALUES ('97', '10', '3071.4100', '3510.1500', '125.1000');
INSERT INTO SBSD (SBSD_ID, SBSD_ISR_ID, SBSD_PARA, SBSD_HASTA, SBSD_CNTDD) VALUES ('98', '10', '3510.1600', '3642.6000', '107.4000');
INSERT INTO SBSD (SBSD_ID, SBSD_ISR_ID, SBSD_PARA, SBSD_HASTA, SBSD_CNTDD) VALUES ('99', '10', '3642.6100', '3642.6200', '0.0000');
INSERT INTO SBSD (SBSD_ID, SBSD_ISR_ID, SBSD_PARA, SBSD_HASTA, SBSD_CNTDD) VALUES ('100', '11', '0.0100', '1768.9600', '407.0200');
INSERT INTO SBSD (SBSD_ID, SBSD_ISR_ID, SBSD_PARA, SBSD_HASTA, SBSD_CNTDD) VALUES ('101', '11', '1768.9700', '2653.3800', '406.8300');
INSERT INTO SBSD (SBSD_ID, SBSD_ISR_ID, SBSD_PARA, SBSD_HASTA, SBSD_CNTDD) VALUES ('102', '11', '2653.3900', '3472.8400', '406.6200');
INSERT INTO SBSD (SBSD_ID, SBSD_ISR_ID, SBSD_PARA, SBSD_HASTA, SBSD_CNTDD) VALUES ('103', '11', '3472.8500', '3537.8700', '392.7700');
INSERT INTO SBSD (SBSD_ID, SBSD_ISR_ID, SBSD_PARA, SBSD_HASTA, SBSD_CNTDD) VALUES ('104', '11', '3537.8800', '4446.1500', '382.4600');
INSERT INTO SBSD (SBSD_ID, SBSD_ISR_ID, SBSD_PARA, SBSD_HASTA, SBSD_CNTDD) VALUES ('105', '11', '4446.1600', '4717.1800', '354.2300');
INSERT INTO SBSD (SBSD_ID, SBSD_ISR_ID, SBSD_PARA, SBSD_HASTA, SBSD_CNTDD) VALUES ('106', '11', '4717.1900', '5335.4200', '324.8700');
INSERT INTO SBSD (SBSD_ID, SBSD_ISR_ID, SBSD_PARA, SBSD_HASTA, SBSD_CNTDD) VALUES ('107', '11', '5335.4300', '6224.6700', '294.6300');
INSERT INTO SBSD (SBSD_ID, SBSD_ISR_ID, SBSD_PARA, SBSD_HASTA, SBSD_CNTDD) VALUES ('108', '11', '6224.6800', '7113.9000', '253.5400');
INSERT INTO SBSD (SBSD_ID, SBSD_ISR_ID, SBSD_PARA, SBSD_HASTA, SBSD_CNTDD) VALUES ('109', '11', '7113.9100', '7382.3300', '217.6100');
INSERT INTO SBSD (SBSD_ID, SBSD_ISR_ID, SBSD_PARA, SBSD_HASTA, SBSD_CNTDD) VALUES ('110', '11', '7382.3400', '7382.3500', '0.0000');
INSERT INTO SBSD (SBSD_ID, SBSD_ISR_ID, SBSD_PARA, SBSD_HASTA, SBSD_CNTDD) VALUES ('111', '13', '0.0100', '58.1900', '13.3900');
INSERT INTO SBSD (SBSD_ID, SBSD_ISR_ID, SBSD_PARA, SBSD_HASTA, SBSD_CNTDD) VALUES ('112', '13', '58.2000', '87.2800', '13.3800');
INSERT INTO SBSD (SBSD_ID, SBSD_ISR_ID, SBSD_PARA, SBSD_HASTA, SBSD_CNTDD) VALUES ('113', '13', '87.2900', '114.2400', '13.3800');
INSERT INTO SBSD (SBSD_ID, SBSD_ISR_ID, SBSD_PARA, SBSD_HASTA, SBSD_CNTDD) VALUES ('114', '13', '114.2500', '116.3800', '12.9200');
INSERT INTO SBSD (SBSD_ID, SBSD_ISR_ID, SBSD_PARA, SBSD_HASTA, SBSD_CNTDD) VALUES ('115', '13', '116.3900', '146.2500', '12.5800');
INSERT INTO SBSD (SBSD_ID, SBSD_ISR_ID, SBSD_PARA, SBSD_HASTA, SBSD_CNTDD) VALUES ('116', '13', '146.2600', '155.1700', '11.6500');
INSERT INTO SBSD (SBSD_ID, SBSD_ISR_ID, SBSD_PARA, SBSD_HASTA, SBSD_CNTDD) VALUES ('117', '13', '155.1800', '175.5100', '10.6900');
INSERT INTO SBSD (SBSD_ID, SBSD_ISR_ID, SBSD_PARA, SBSD_HASTA, SBSD_CNTDD) VALUES ('118', '13', '175.5200', '204.7600', '9.6900');
INSERT INTO SBSD (SBSD_ID, SBSD_ISR_ID, SBSD_PARA, SBSD_HASTA, SBSD_CNTDD) VALUES ('119', '13', '204.7700', '234.0100', '8.3400');
INSERT INTO SBSD (SBSD_ID, SBSD_ISR_ID, SBSD_PARA, SBSD_HASTA, SBSD_CNTDD) VALUES ('120', '13', '234.0200', '242.8400', '7.1600');
INSERT INTO SBSD (SBSD_ID, SBSD_ISR_ID, SBSD_PARA, SBSD_HASTA, SBSD_CNTDD) VALUES ('121', '13', '242.8500', '242.8600', '0.0000');
INSERT INTO SBSD (SBSD_ID, SBSD_ISR_ID, SBSD_PARA, SBSD_HASTA, SBSD_CNTDD) VALUES ('122', '14', '0.0100', '407.3300', '93.7300');
INSERT INTO SBSD (SBSD_ID, SBSD_ISR_ID, SBSD_PARA, SBSD_HASTA, SBSD_CNTDD) VALUES ('123', '14', '407.3400', '610.9600', '93.6600');
INSERT INTO SBSD (SBSD_ID, SBSD_ISR_ID, SBSD_PARA, SBSD_HASTA, SBSD_CNTDD) VALUES ('124', '14', '610.9700', '799.6800', '93.6600');
INSERT INTO SBSD (SBSD_ID, SBSD_ISR_ID, SBSD_PARA, SBSD_HASTA, SBSD_CNTDD) VALUES ('125', '14', '799.6900', '814.6600', '90.4400');
INSERT INTO SBSD (SBSD_ID, SBSD_ISR_ID, SBSD_PARA, SBSD_HASTA, SBSD_CNTDD) VALUES ('126', '14', '814.6700', '1023.7500', '88.0600');
INSERT INTO SBSD (SBSD_ID, SBSD_ISR_ID, SBSD_PARA, SBSD_HASTA, SBSD_CNTDD) VALUES ('127', '14', '1023.7600', '1086.1900', '81.5500');
INSERT INTO SBSD (SBSD_ID, SBSD_ISR_ID, SBSD_PARA, SBSD_HASTA, SBSD_CNTDD) VALUES ('128', '14', '1086.2000', '1228.5700', '74.8300');
INSERT INTO SBSD (SBSD_ID, SBSD_ISR_ID, SBSD_PARA, SBSD_HASTA, SBSD_CNTDD) VALUES ('129', '14', '1228.5800', '1433.3200', '67.8300');
INSERT INTO SBSD (SBSD_ID, SBSD_ISR_ID, SBSD_PARA, SBSD_HASTA, SBSD_CNTDD) VALUES ('130', '14', '1433.3300', '1638.0700', '58.3800');
INSERT INTO SBSD (SBSD_ID, SBSD_ISR_ID, SBSD_PARA, SBSD_HASTA, SBSD_CNTDD) VALUES ('131', '14', '1638.0800', '1699.8800', '50.1200');
INSERT INTO SBSD (SBSD_ID, SBSD_ISR_ID, SBSD_PARA, SBSD_HASTA, SBSD_CNTDD) VALUES ('132', '14', '1699.8900', '1699.9000', '0.0000');
INSERT INTO SBSD (SBSD_ID, SBSD_ISR_ID, SBSD_PARA, SBSD_HASTA, SBSD_CNTDD) VALUES ('133', '15', '0.0100', '581.9000', '133.9000');
INSERT INTO SBSD (SBSD_ID, SBSD_ISR_ID, SBSD_PARA, SBSD_HASTA, SBSD_CNTDD) VALUES ('134', '15', '581.9100', '872.8000', '133.8000');
INSERT INTO SBSD (SBSD_ID, SBSD_ISR_ID, SBSD_PARA, SBSD_HASTA, SBSD_CNTDD) VALUES ('135', '15', '872.8100', '1142.4000', '133.8000');
INSERT INTO SBSD (SBSD_ID, SBSD_ISR_ID, SBSD_PARA, SBSD_HASTA, SBSD_CNTDD) VALUES ('136', '15', '1142.4100', '1163.8000', '129.2000');
INSERT INTO SBSD (SBSD_ID, SBSD_ISR_ID, SBSD_PARA, SBSD_HASTA, SBSD_CNTDD) VALUES ('137', '15', '1163.8100', '1462.5000', '125.8000');
INSERT INTO SBSD (SBSD_ID, SBSD_ISR_ID, SBSD_PARA, SBSD_HASTA, SBSD_CNTDD) VALUES ('138', '15', '1462.5100', '1551.7000', '116.5000');
INSERT INTO SBSD (SBSD_ID, SBSD_ISR_ID, SBSD_PARA, SBSD_HASTA, SBSD_CNTDD) VALUES ('139', '15', '1551.7100', '1755.1000', '106.9000');
INSERT INTO SBSD (SBSD_ID, SBSD_ISR_ID, SBSD_PARA, SBSD_HASTA, SBSD_CNTDD) VALUES ('140', '15', '1755.1100', '2047.6000', '96.9000');
INSERT INTO SBSD (SBSD_ID, SBSD_ISR_ID, SBSD_PARA, SBSD_HASTA, SBSD_CNTDD) VALUES ('141', '15', '2047.6100', '2340.1000', '83.4000');
INSERT INTO SBSD (SBSD_ID, SBSD_ISR_ID, SBSD_PARA, SBSD_HASTA, SBSD_CNTDD) VALUES ('142', '15', '2340.1100', '2428.4000', '71.6000');
INSERT INTO SBSD (SBSD_ID, SBSD_ISR_ID, SBSD_PARA, SBSD_HASTA, SBSD_CNTDD) VALUES ('143', '15', '2428.4100', '2428.4200', '0.0000');
INSERT INTO SBSD (SBSD_ID, SBSD_ISR_ID, SBSD_PARA, SBSD_HASTA, SBSD_CNTDD) VALUES ('144', '16', '0.0100', '872.8500', '200.8500');
INSERT INTO SBSD (SBSD_ID, SBSD_ISR_ID, SBSD_PARA, SBSD_HASTA, SBSD_CNTDD) VALUES ('145', '16', '872.8600', '1309.2000', '200.7000');
INSERT INTO SBSD (SBSD_ID, SBSD_ISR_ID, SBSD_PARA, SBSD_HASTA, SBSD_CNTDD) VALUES ('146', '16', '1309.2100', '1713.6000', '200.7000');
INSERT INTO SBSD (SBSD_ID, SBSD_ISR_ID, SBSD_PARA, SBSD_HASTA, SBSD_CNTDD) VALUES ('147', '16', '1713.6100', '1745.7000', '193.8000');
INSERT INTO SBSD (SBSD_ID, SBSD_ISR_ID, SBSD_PARA, SBSD_HASTA, SBSD_CNTDD) VALUES ('148', '16', '1745.7100', '2193.7500', '188.7000');
INSERT INTO SBSD (SBSD_ID, SBSD_ISR_ID, SBSD_PARA, SBSD_HASTA, SBSD_CNTDD) VALUES ('149', '16', '2193.7600', '2327.5500', '174.7500');
INSERT INTO SBSD (SBSD_ID, SBSD_ISR_ID, SBSD_PARA, SBSD_HASTA, SBSD_CNTDD) VALUES ('150', '16', '2327.5600', '2632.6500', '160.3500');
INSERT INTO SBSD (SBSD_ID, SBSD_ISR_ID, SBSD_PARA, SBSD_HASTA, SBSD_CNTDD) VALUES ('151', '16', '2632.6600', '3071.4000', '145.3500');
INSERT INTO SBSD (SBSD_ID, SBSD_ISR_ID, SBSD_PARA, SBSD_HASTA, SBSD_CNTDD) VALUES ('152', '16', '3071.4100', '3510.1500', '125.1000');
INSERT INTO SBSD (SBSD_ID, SBSD_ISR_ID, SBSD_PARA, SBSD_HASTA, SBSD_CNTDD) VALUES ('153', '16', '3510.1600', '3642.6000', '107.4000');
INSERT INTO SBSD (SBSD_ID, SBSD_ISR_ID, SBSD_PARA, SBSD_HASTA, SBSD_CNTDD) VALUES ('154', '16', '3642.6100', '3642.6200', '0.0000');
INSERT INTO SBSD (SBSD_ID, SBSD_ISR_ID, SBSD_PARA, SBSD_HASTA, SBSD_CNTDD) VALUES ('155', '17', '0.0100', '1768.9600', '407.0200');
INSERT INTO SBSD (SBSD_ID, SBSD_ISR_ID, SBSD_PARA, SBSD_HASTA, SBSD_CNTDD) VALUES ('156', '17', '1768.9700', '2653.3800', '406.8300');
INSERT INTO SBSD (SBSD_ID, SBSD_ISR_ID, SBSD_PARA, SBSD_HASTA, SBSD_CNTDD) VALUES ('157', '17', '2653.3900', '3472.8400', '406.6200');
INSERT INTO SBSD (SBSD_ID, SBSD_ISR_ID, SBSD_PARA, SBSD_HASTA, SBSD_CNTDD) VALUES ('158', '17', '3472.8500', '3537.8700', '392.7700');
INSERT INTO SBSD (SBSD_ID, SBSD_ISR_ID, SBSD_PARA, SBSD_HASTA, SBSD_CNTDD) VALUES ('159', '17', '3537.8800', '4446.1500', '382.4600');
INSERT INTO SBSD (SBSD_ID, SBSD_ISR_ID, SBSD_PARA, SBSD_HASTA, SBSD_CNTDD) VALUES ('160', '17', '4446.1600', '4717.1800', '354.2300');
INSERT INTO SBSD (SBSD_ID, SBSD_ISR_ID, SBSD_PARA, SBSD_HASTA, SBSD_CNTDD) VALUES ('161', '17', '4717.1900', '5335.4200', '324.8700');
INSERT INTO SBSD (SBSD_ID, SBSD_ISR_ID, SBSD_PARA, SBSD_HASTA, SBSD_CNTDD) VALUES ('162', '17', '5335.4300', '6224.6700', '294.6300');
INSERT INTO SBSD (SBSD_ID, SBSD_ISR_ID, SBSD_PARA, SBSD_HASTA, SBSD_CNTDD) VALUES ('163', '17', '6224.6800', '7113.9000', '253.5400');
INSERT INTO SBSD (SBSD_ID, SBSD_ISR_ID, SBSD_PARA, SBSD_HASTA, SBSD_CNTDD) VALUES ('164', '17', '7113.9100', '7382.3300', '217.6100');
INSERT INTO SBSD (SBSD_ID, SBSD_ISR_ID, SBSD_PARA, SBSD_HASTA, SBSD_CNTDD) VALUES ('165', '17', '7382.3400', '7382.3500', '0.0000');
INSERT INTO SBSD (SBSD_ID, SBSD_ISR_ID, SBSD_PARA, SBSD_HASTA, SBSD_CNTDD) VALUES ('166', '19', '0.0100', '58.1900', '13.3900');
INSERT INTO SBSD (SBSD_ID, SBSD_ISR_ID, SBSD_PARA, SBSD_HASTA, SBSD_CNTDD) VALUES ('167', '19', '58.2000', '87.2800', '13.3800');
INSERT INTO SBSD (SBSD_ID, SBSD_ISR_ID, SBSD_PARA, SBSD_HASTA, SBSD_CNTDD) VALUES ('168', '19', '87.2900', '114.2400', '13.3800');
INSERT INTO SBSD (SBSD_ID, SBSD_ISR_ID, SBSD_PARA, SBSD_HASTA, SBSD_CNTDD) VALUES ('169', '19', '114.2500', '116.3800', '12.9200');
INSERT INTO SBSD (SBSD_ID, SBSD_ISR_ID, SBSD_PARA, SBSD_HASTA, SBSD_CNTDD) VALUES ('170', '19', '116.3900', '146.2500', '12.5800');
INSERT INTO SBSD (SBSD_ID, SBSD_ISR_ID, SBSD_PARA, SBSD_HASTA, SBSD_CNTDD) VALUES ('171', '19', '146.2600', '155.1700', '11.6500');
INSERT INTO SBSD (SBSD_ID, SBSD_ISR_ID, SBSD_PARA, SBSD_HASTA, SBSD_CNTDD) VALUES ('172', '19', '155.1800', '175.5100', '10.6900');
INSERT INTO SBSD (SBSD_ID, SBSD_ISR_ID, SBSD_PARA, SBSD_HASTA, SBSD_CNTDD) VALUES ('173', '19', '175.5200', '204.7600', '9.6900');
INSERT INTO SBSD (SBSD_ID, SBSD_ISR_ID, SBSD_PARA, SBSD_HASTA, SBSD_CNTDD) VALUES ('174', '19', '204.7700', '234.0100', '8.3400');
INSERT INTO SBSD (SBSD_ID, SBSD_ISR_ID, SBSD_PARA, SBSD_HASTA, SBSD_CNTDD) VALUES ('175', '19', '234.0200', '242.8400', '7.1600');
INSERT INTO SBSD (SBSD_ID, SBSD_ISR_ID, SBSD_PARA, SBSD_HASTA, SBSD_CNTDD) VALUES ('176', '19', '242.8500', '242.8600', '0.0000');
INSERT INTO SBSD (SBSD_ID, SBSD_ISR_ID, SBSD_PARA, SBSD_HASTA, SBSD_CNTDD) VALUES ('177', '20', '0.0100', '407.3300', '93.7300');
INSERT INTO SBSD (SBSD_ID, SBSD_ISR_ID, SBSD_PARA, SBSD_HASTA, SBSD_CNTDD) VALUES ('178', '20', '407.3400', '610.9600', '93.6600');
INSERT INTO SBSD (SBSD_ID, SBSD_ISR_ID, SBSD_PARA, SBSD_HASTA, SBSD_CNTDD) VALUES ('179', '20', '610.9700', '799.6800', '93.6600');
INSERT INTO SBSD (SBSD_ID, SBSD_ISR_ID, SBSD_PARA, SBSD_HASTA, SBSD_CNTDD) VALUES ('180', '20', '799.6900', '814.6600', '90.4400');
INSERT INTO SBSD (SBSD_ID, SBSD_ISR_ID, SBSD_PARA, SBSD_HASTA, SBSD_CNTDD) VALUES ('181', '20', '814.6700', '1023.7500', '88.0600');
INSERT INTO SBSD (SBSD_ID, SBSD_ISR_ID, SBSD_PARA, SBSD_HASTA, SBSD_CNTDD) VALUES ('182', '20', '1023.7600', '1086.1900', '81.5500');
INSERT INTO SBSD (SBSD_ID, SBSD_ISR_ID, SBSD_PARA, SBSD_HASTA, SBSD_CNTDD) VALUES ('183', '20', '1086.2000', '1228.5700', '74.8300');
INSERT INTO SBSD (SBSD_ID, SBSD_ISR_ID, SBSD_PARA, SBSD_HASTA, SBSD_CNTDD) VALUES ('184', '20', '1228.5800', '1433.3200', '67.8300');
INSERT INTO SBSD (SBSD_ID, SBSD_ISR_ID, SBSD_PARA, SBSD_HASTA, SBSD_CNTDD) VALUES ('185', '20', '1433.3300', '1638.0700', '58.3800');
INSERT INTO SBSD (SBSD_ID, SBSD_ISR_ID, SBSD_PARA, SBSD_HASTA, SBSD_CNTDD) VALUES ('186', '20', '1638.0800', '1699.8800', '50.1200');
INSERT INTO SBSD (SBSD_ID, SBSD_ISR_ID, SBSD_PARA, SBSD_HASTA, SBSD_CNTDD) VALUES ('187', '20', '1699.8900', '1699.9000', '0.0000');
INSERT INTO SBSD (SBSD_ID, SBSD_ISR_ID, SBSD_PARA, SBSD_HASTA, SBSD_CNTDD) VALUES ('188', '21', '0.0100', '581.9000', '133.9000');
INSERT INTO SBSD (SBSD_ID, SBSD_ISR_ID, SBSD_PARA, SBSD_HASTA, SBSD_CNTDD) VALUES ('189', '21', '581.9100', '872.8000', '133.8000');
INSERT INTO SBSD (SBSD_ID, SBSD_ISR_ID, SBSD_PARA, SBSD_HASTA, SBSD_CNTDD) VALUES ('190', '21', '872.8100', '1142.4000', '133.8000');
INSERT INTO SBSD (SBSD_ID, SBSD_ISR_ID, SBSD_PARA, SBSD_HASTA, SBSD_CNTDD) VALUES ('191', '21', '1142.4100', '1163.8000', '129.2000');
INSERT INTO SBSD (SBSD_ID, SBSD_ISR_ID, SBSD_PARA, SBSD_HASTA, SBSD_CNTDD) VALUES ('192', '21', '1163.8100', '1462.5000', '125.8000');
INSERT INTO SBSD (SBSD_ID, SBSD_ISR_ID, SBSD_PARA, SBSD_HASTA, SBSD_CNTDD) VALUES ('193', '21', '1462.5100', '1551.7000', '116.5000');
INSERT INTO SBSD (SBSD_ID, SBSD_ISR_ID, SBSD_PARA, SBSD_HASTA, SBSD_CNTDD) VALUES ('194', '21', '1551.7100', '1755.1000', '106.9000');
INSERT INTO SBSD (SBSD_ID, SBSD_ISR_ID, SBSD_PARA, SBSD_HASTA, SBSD_CNTDD) VALUES ('195', '21', '1755.1100', '2047.6000', '96.9000');
INSERT INTO SBSD (SBSD_ID, SBSD_ISR_ID, SBSD_PARA, SBSD_HASTA, SBSD_CNTDD) VALUES ('196', '21', '2047.6100', '2340.1000', '83.4000');
INSERT INTO SBSD (SBSD_ID, SBSD_ISR_ID, SBSD_PARA, SBSD_HASTA, SBSD_CNTDD) VALUES ('197', '21', '2340.1100', '2428.4000', '71.6000');
INSERT INTO SBSD (SBSD_ID, SBSD_ISR_ID, SBSD_PARA, SBSD_HASTA, SBSD_CNTDD) VALUES ('198', '21', '2428.4100', '2428.4200', '0.0000');
INSERT INTO SBSD (SBSD_ID, SBSD_ISR_ID, SBSD_PARA, SBSD_HASTA, SBSD_CNTDD) VALUES ('199', '22', '0.0100', '872.8500', '200.8500');
INSERT INTO SBSD (SBSD_ID, SBSD_ISR_ID, SBSD_PARA, SBSD_HASTA, SBSD_CNTDD) VALUES ('200', '22', '872.8600', '1309.2000', '200.7000');
INSERT INTO SBSD (SBSD_ID, SBSD_ISR_ID, SBSD_PARA, SBSD_HASTA, SBSD_CNTDD) VALUES ('201', '22', '1309.2100', '1713.6000', '200.7000');
INSERT INTO SBSD (SBSD_ID, SBSD_ISR_ID, SBSD_PARA, SBSD_HASTA, SBSD_CNTDD) VALUES ('202', '22', '1713.6100', '1745.7000', '193.8000');
INSERT INTO SBSD (SBSD_ID, SBSD_ISR_ID, SBSD_PARA, SBSD_HASTA, SBSD_CNTDD) VALUES ('203', '22', '1745.7100', '2193.7500', '188.7000');
INSERT INTO SBSD (SBSD_ID, SBSD_ISR_ID, SBSD_PARA, SBSD_HASTA, SBSD_CNTDD) VALUES ('204', '22', '2193.7600', '2327.5500', '174.7500');
INSERT INTO SBSD (SBSD_ID, SBSD_ISR_ID, SBSD_PARA, SBSD_HASTA, SBSD_CNTDD) VALUES ('205', '22', '2327.5600', '2632.6500', '160.3500');
INSERT INTO SBSD (SBSD_ID, SBSD_ISR_ID, SBSD_PARA, SBSD_HASTA, SBSD_CNTDD) VALUES ('206', '22', '2632.6600', '3071.4000', '145.3500');
INSERT INTO SBSD (SBSD_ID, SBSD_ISR_ID, SBSD_PARA, SBSD_HASTA, SBSD_CNTDD) VALUES ('207', '22', '3071.4100', '3510.1500', '125.1000');
INSERT INTO SBSD (SBSD_ID, SBSD_ISR_ID, SBSD_PARA, SBSD_HASTA, SBSD_CNTDD) VALUES ('208', '22', '3510.1600', '3642.6000', '107.4000');
INSERT INTO SBSD (SBSD_ID, SBSD_ISR_ID, SBSD_PARA, SBSD_HASTA, SBSD_CNTDD) VALUES ('209', '22', '3642.6100', '3642.6200', '0.0000');
INSERT INTO SBSD (SBSD_ID, SBSD_ISR_ID, SBSD_PARA, SBSD_HASTA, SBSD_CNTDD) VALUES ('210', '23', '0.0100', '1768.9600', '407.0200');
INSERT INTO SBSD (SBSD_ID, SBSD_ISR_ID, SBSD_PARA, SBSD_HASTA, SBSD_CNTDD) VALUES ('211', '23', '1768.9700', '2653.3800', '406.8300');
INSERT INTO SBSD (SBSD_ID, SBSD_ISR_ID, SBSD_PARA, SBSD_HASTA, SBSD_CNTDD) VALUES ('212', '23', '2653.3900', '3472.8400', '406.6200');
INSERT INTO SBSD (SBSD_ID, SBSD_ISR_ID, SBSD_PARA, SBSD_HASTA, SBSD_CNTDD) VALUES ('213', '23', '3472.8500', '3537.8700', '392.7700');
INSERT INTO SBSD (SBSD_ID, SBSD_ISR_ID, SBSD_PARA, SBSD_HASTA, SBSD_CNTDD) VALUES ('214', '23', '3537.8800', '4446.1500', '382.4600');
INSERT INTO SBSD (SBSD_ID, SBSD_ISR_ID, SBSD_PARA, SBSD_HASTA, SBSD_CNTDD) VALUES ('215', '23', '4446.1600', '4717.1800', '354.2300');
INSERT INTO SBSD (SBSD_ID, SBSD_ISR_ID, SBSD_PARA, SBSD_HASTA, SBSD_CNTDD) VALUES ('216', '23', '4717.1900', '5335.4200', '324.8700');
INSERT INTO SBSD (SBSD_ID, SBSD_ISR_ID, SBSD_PARA, SBSD_HASTA, SBSD_CNTDD) VALUES ('217', '23', '5335.4300', '6224.6700', '294.6300');
INSERT INTO SBSD (SBSD_ID, SBSD_ISR_ID, SBSD_PARA, SBSD_HASTA, SBSD_CNTDD) VALUES ('218', '23', '6224.6800', '7113.9000', '253.5400');
INSERT INTO SBSD (SBSD_ID, SBSD_ISR_ID, SBSD_PARA, SBSD_HASTA, SBSD_CNTDD) VALUES ('219', '23', '7113.9100', '7382.3300', '217.6100');
INSERT INTO SBSD (SBSD_ID, SBSD_ISR_ID, SBSD_PARA, SBSD_HASTA, SBSD_CNTDD) VALUES ('220', '23', '7382.3400', '7382.3500', '0.0000');
INSERT INTO SBSD (SBSD_ID, SBSD_ISR_ID, SBSD_PARA, SBSD_HASTA, SBSD_CNTDD) VALUES ('221', '25', '0.0100', '58.1900', '13.3900');
INSERT INTO SBSD (SBSD_ID, SBSD_ISR_ID, SBSD_PARA, SBSD_HASTA, SBSD_CNTDD) VALUES ('222', '25', '58.2000', '87.2800', '13.3800');
INSERT INTO SBSD (SBSD_ID, SBSD_ISR_ID, SBSD_PARA, SBSD_HASTA, SBSD_CNTDD) VALUES ('223', '25', '87.2900', '114.2400', '13.3800');
INSERT INTO SBSD (SBSD_ID, SBSD_ISR_ID, SBSD_PARA, SBSD_HASTA, SBSD_CNTDD) VALUES ('224', '25', '114.2500', '116.3800', '12.9200');
INSERT INTO SBSD (SBSD_ID, SBSD_ISR_ID, SBSD_PARA, SBSD_HASTA, SBSD_CNTDD) VALUES ('225', '25', '116.3900', '146.2500', '12.5800');
INSERT INTO SBSD (SBSD_ID, SBSD_ISR_ID, SBSD_PARA, SBSD_HASTA, SBSD_CNTDD) VALUES ('226', '25', '146.2600', '155.1700', '11.6500');
INSERT INTO SBSD (SBSD_ID, SBSD_ISR_ID, SBSD_PARA, SBSD_HASTA, SBSD_CNTDD) VALUES ('227', '25', '155.1800', '175.5100', '10.6900');
INSERT INTO SBSD (SBSD_ID, SBSD_ISR_ID, SBSD_PARA, SBSD_HASTA, SBSD_CNTDD) VALUES ('228', '25', '175.5200', '204.7600', '9.6900');
INSERT INTO SBSD (SBSD_ID, SBSD_ISR_ID, SBSD_PARA, SBSD_HASTA, SBSD_CNTDD) VALUES ('229', '25', '204.7700', '234.0100', '8.3400');
INSERT INTO SBSD (SBSD_ID, SBSD_ISR_ID, SBSD_PARA, SBSD_HASTA, SBSD_CNTDD) VALUES ('230', '25', '234.0200', '242.8400', '7.1600');
INSERT INTO SBSD (SBSD_ID, SBSD_ISR_ID, SBSD_PARA, SBSD_HASTA, SBSD_CNTDD) VALUES ('231', '25', '242.8500', '242.8600', '0.0000');
INSERT INTO SBSD (SBSD_ID, SBSD_ISR_ID, SBSD_PARA, SBSD_HASTA, SBSD_CNTDD) VALUES ('232', '26', '0.0100', '407.3300', '93.7300');
INSERT INTO SBSD (SBSD_ID, SBSD_ISR_ID, SBSD_PARA, SBSD_HASTA, SBSD_CNTDD) VALUES ('233', '26', '407.3400', '610.9600', '93.6600');
INSERT INTO SBSD (SBSD_ID, SBSD_ISR_ID, SBSD_PARA, SBSD_HASTA, SBSD_CNTDD) VALUES ('234', '26', '610.9700', '799.6800', '93.6600');
INSERT INTO SBSD (SBSD_ID, SBSD_ISR_ID, SBSD_PARA, SBSD_HASTA, SBSD_CNTDD) VALUES ('235', '26', '799.6900', '814.6600', '90.4400');
INSERT INTO SBSD (SBSD_ID, SBSD_ISR_ID, SBSD_PARA, SBSD_HASTA, SBSD_CNTDD) VALUES ('236', '26', '814.6700', '1023.7500', '88.0600');
INSERT INTO SBSD (SBSD_ID, SBSD_ISR_ID, SBSD_PARA, SBSD_HASTA, SBSD_CNTDD) VALUES ('237', '26', '1023.7600', '1086.1900', '81.5500');
INSERT INTO SBSD (SBSD_ID, SBSD_ISR_ID, SBSD_PARA, SBSD_HASTA, SBSD_CNTDD) VALUES ('238', '26', '1086.2000', '1228.5700', '74.8300');
INSERT INTO SBSD (SBSD_ID, SBSD_ISR_ID, SBSD_PARA, SBSD_HASTA, SBSD_CNTDD) VALUES ('239', '26', '1228.5800', '1433.3200', '67.8300');
INSERT INTO SBSD (SBSD_ID, SBSD_ISR_ID, SBSD_PARA, SBSD_HASTA, SBSD_CNTDD) VALUES ('240', '26', '1433.3300', '1638.0700', '58.3800');
INSERT INTO SBSD (SBSD_ID, SBSD_ISR_ID, SBSD_PARA, SBSD_HASTA, SBSD_CNTDD) VALUES ('241', '26', '1638.0800', '1699.8800', '50.1200');
INSERT INTO SBSD (SBSD_ID, SBSD_ISR_ID, SBSD_PARA, SBSD_HASTA, SBSD_CNTDD) VALUES ('242', '26', '1699.8900', '1699.9000', '0.0000');
INSERT INTO SBSD (SBSD_ID, SBSD_ISR_ID, SBSD_PARA, SBSD_HASTA, SBSD_CNTDD) VALUES ('243', '27', '0.0100', '581.9000', '133.9000');
INSERT INTO SBSD (SBSD_ID, SBSD_ISR_ID, SBSD_PARA, SBSD_HASTA, SBSD_CNTDD) VALUES ('244', '27', '581.9100', '872.8000', '133.8000');
INSERT INTO SBSD (SBSD_ID, SBSD_ISR_ID, SBSD_PARA, SBSD_HASTA, SBSD_CNTDD) VALUES ('245', '27', '872.8100', '1142.4000', '133.8000');
INSERT INTO SBSD (SBSD_ID, SBSD_ISR_ID, SBSD_PARA, SBSD_HASTA, SBSD_CNTDD) VALUES ('246', '27', '1142.4100', '1163.8000', '129.2000');
INSERT INTO SBSD (SBSD_ID, SBSD_ISR_ID, SBSD_PARA, SBSD_HASTA, SBSD_CNTDD) VALUES ('247', '27', '1163.8100', '1462.5000', '125.8000');
INSERT INTO SBSD (SBSD_ID, SBSD_ISR_ID, SBSD_PARA, SBSD_HASTA, SBSD_CNTDD) VALUES ('248', '27', '1462.5100', '1551.7000', '116.5000');
INSERT INTO SBSD (SBSD_ID, SBSD_ISR_ID, SBSD_PARA, SBSD_HASTA, SBSD_CNTDD) VALUES ('249', '27', '1551.7100', '1755.1000', '106.9000');
INSERT INTO SBSD (SBSD_ID, SBSD_ISR_ID, SBSD_PARA, SBSD_HASTA, SBSD_CNTDD) VALUES ('250', '27', '1755.1100', '2047.6000', '96.9000');
INSERT INTO SBSD (SBSD_ID, SBSD_ISR_ID, SBSD_PARA, SBSD_HASTA, SBSD_CNTDD) VALUES ('251', '27', '2047.6100', '2340.1000', '83.4000');
INSERT INTO SBSD (SBSD_ID, SBSD_ISR_ID, SBSD_PARA, SBSD_HASTA, SBSD_CNTDD) VALUES ('252', '27', '2340.1100', '2428.4000', '71.6000');
INSERT INTO SBSD (SBSD_ID, SBSD_ISR_ID, SBSD_PARA, SBSD_HASTA, SBSD_CNTDD) VALUES ('253', '27', '2428.4100', '2428.4200', '0.0000');
INSERT INTO SBSD (SBSD_ID, SBSD_ISR_ID, SBSD_PARA, SBSD_HASTA, SBSD_CNTDD) VALUES ('254', '28', '0.0100', '872.8500', '200.8500');
INSERT INTO SBSD (SBSD_ID, SBSD_ISR_ID, SBSD_PARA, SBSD_HASTA, SBSD_CNTDD) VALUES ('255', '28', '872.8600', '1309.2000', '200.7000');
INSERT INTO SBSD (SBSD_ID, SBSD_ISR_ID, SBSD_PARA, SBSD_HASTA, SBSD_CNTDD) VALUES ('256', '28', '1309.2100', '1713.6000', '200.7000');
INSERT INTO SBSD (SBSD_ID, SBSD_ISR_ID, SBSD_PARA, SBSD_HASTA, SBSD_CNTDD) VALUES ('257', '28', '1713.6100', '1745.7000', '193.8000');
INSERT INTO SBSD (SBSD_ID, SBSD_ISR_ID, SBSD_PARA, SBSD_HASTA, SBSD_CNTDD) VALUES ('258', '28', '1745.7100', '2193.7500', '188.7000');
INSERT INTO SBSD (SBSD_ID, SBSD_ISR_ID, SBSD_PARA, SBSD_HASTA, SBSD_CNTDD) VALUES ('259', '28', '2193.7600', '2327.5500', '174.7500');
INSERT INTO SBSD (SBSD_ID, SBSD_ISR_ID, SBSD_PARA, SBSD_HASTA, SBSD_CNTDD) VALUES ('260', '28', '2327.5600', '2632.6500', '160.3500');
INSERT INTO SBSD (SBSD_ID, SBSD_ISR_ID, SBSD_PARA, SBSD_HASTA, SBSD_CNTDD) VALUES ('261', '28', '2632.6600', '3071.4000', '145.3500');
INSERT INTO SBSD (SBSD_ID, SBSD_ISR_ID, SBSD_PARA, SBSD_HASTA, SBSD_CNTDD) VALUES ('262', '28', '3071.4100', '3510.1500', '125.1000');
INSERT INTO SBSD (SBSD_ID, SBSD_ISR_ID, SBSD_PARA, SBSD_HASTA, SBSD_CNTDD) VALUES ('263', '28', '3510.1600', '3642.6000', '107.4000');
INSERT INTO SBSD (SBSD_ID, SBSD_ISR_ID, SBSD_PARA, SBSD_HASTA, SBSD_CNTDD) VALUES ('264', '28', '3642.6100', '3642.6200', '0.0000');
INSERT INTO SBSD (SBSD_ID, SBSD_ISR_ID, SBSD_PARA, SBSD_HASTA, SBSD_CNTDD) VALUES ('265', '29', '0.0100', '1768.9600', '407.0200');
INSERT INTO SBSD (SBSD_ID, SBSD_ISR_ID, SBSD_PARA, SBSD_HASTA, SBSD_CNTDD) VALUES ('266', '29', '1768.9700', '2653.3800', '406.8300');
INSERT INTO SBSD (SBSD_ID, SBSD_ISR_ID, SBSD_PARA, SBSD_HASTA, SBSD_CNTDD) VALUES ('267', '29', '2653.3900', '3472.8400', '406.6200');
INSERT INTO SBSD (SBSD_ID, SBSD_ISR_ID, SBSD_PARA, SBSD_HASTA, SBSD_CNTDD) VALUES ('268', '29', '3472.8500', '3537.8700', '392.7700');
INSERT INTO SBSD (SBSD_ID, SBSD_ISR_ID, SBSD_PARA, SBSD_HASTA, SBSD_CNTDD) VALUES ('269', '29', '3537.8800', '4446.1500', '382.4600');
INSERT INTO SBSD (SBSD_ID, SBSD_ISR_ID, SBSD_PARA, SBSD_HASTA, SBSD_CNTDD) VALUES ('270', '29', '4446.1600', '4717.1800', '354.2300');
INSERT INTO SBSD (SBSD_ID, SBSD_ISR_ID, SBSD_PARA, SBSD_HASTA, SBSD_CNTDD) VALUES ('271', '29', '4717.1900', '5335.4200', '324.8700');
INSERT INTO SBSD (SBSD_ID, SBSD_ISR_ID, SBSD_PARA, SBSD_HASTA, SBSD_CNTDD) VALUES ('272', '29', '5335.4300', '6224.6700', '294.6300');
INSERT INTO SBSD (SBSD_ID, SBSD_ISR_ID, SBSD_PARA, SBSD_HASTA, SBSD_CNTDD) VALUES ('273', '29', '6224.6800', '7113.9000', '253.5400');
INSERT INTO SBSD (SBSD_ID, SBSD_ISR_ID, SBSD_PARA, SBSD_HASTA, SBSD_CNTDD) VALUES ('274', '29', '7113.9100', '7382.3300', '217.6100');
INSERT INTO SBSD (SBSD_ID, SBSD_ISR_ID, SBSD_PARA, SBSD_HASTA, SBSD_CNTDD) VALUES ('275', '29', '7382.3400', '7382.3500', '0.0000');
INSERT INTO SBSD (SBSD_ID, SBSD_ISR_ID, SBSD_PARA, SBSD_HASTA, SBSD_CNTDD) VALUES ('276', '31', '0.0100', '58.1900', '13.3900');
INSERT INTO SBSD (SBSD_ID, SBSD_ISR_ID, SBSD_PARA, SBSD_HASTA, SBSD_CNTDD) VALUES ('277', '31', '58.2000', '87.2800', '13.3800');
INSERT INTO SBSD (SBSD_ID, SBSD_ISR_ID, SBSD_PARA, SBSD_HASTA, SBSD_CNTDD) VALUES ('278', '31', '87.2900', '114.2400', '13.3800');
INSERT INTO SBSD (SBSD_ID, SBSD_ISR_ID, SBSD_PARA, SBSD_HASTA, SBSD_CNTDD) VALUES ('279', '31', '114.2500', '116.3800', '12.9200');
INSERT INTO SBSD (SBSD_ID, SBSD_ISR_ID, SBSD_PARA, SBSD_HASTA, SBSD_CNTDD) VALUES ('280', '31', '116.3900', '146.2500', '12.5800');
INSERT INTO SBSD (SBSD_ID, SBSD_ISR_ID, SBSD_PARA, SBSD_HASTA, SBSD_CNTDD) VALUES ('281', '31', '146.2600', '155.1700', '11.6500');
INSERT INTO SBSD (SBSD_ID, SBSD_ISR_ID, SBSD_PARA, SBSD_HASTA, SBSD_CNTDD) VALUES ('282', '31', '155.1800', '175.5100', '10.6900');
INSERT INTO SBSD (SBSD_ID, SBSD_ISR_ID, SBSD_PARA, SBSD_HASTA, SBSD_CNTDD) VALUES ('283', '31', '175.5200', '204.7600', '9.6900');
INSERT INTO SBSD (SBSD_ID, SBSD_ISR_ID, SBSD_PARA, SBSD_HASTA, SBSD_CNTDD) VALUES ('284', '31', '204.7700', '234.0100', '8.3400');
INSERT INTO SBSD (SBSD_ID, SBSD_ISR_ID, SBSD_PARA, SBSD_HASTA, SBSD_CNTDD) VALUES ('285', '31', '234.0200', '242.8400', '7.1600');
INSERT INTO SBSD (SBSD_ID, SBSD_ISR_ID, SBSD_PARA, SBSD_HASTA, SBSD_CNTDD) VALUES ('286', '31', '242.8500', '999.9900', '0.0000');
INSERT INTO SBSD (SBSD_ID, SBSD_ISR_ID, SBSD_PARA, SBSD_HASTA, SBSD_CNTDD) VALUES ('291', '32', '0.0100', '407.3300', '93.7300');
INSERT INTO SBSD (SBSD_ID, SBSD_ISR_ID, SBSD_PARA, SBSD_HASTA, SBSD_CNTDD) VALUES ('292', '32', '407.3400', '610.9600', '93.6600');
INSERT INTO SBSD (SBSD_ID, SBSD_ISR_ID, SBSD_PARA, SBSD_HASTA, SBSD_CNTDD) VALUES ('293', '32', '610.9700', '799.6800', '93.6600');
INSERT INTO SBSD (SBSD_ID, SBSD_ISR_ID, SBSD_PARA, SBSD_HASTA, SBSD_CNTDD) VALUES ('294', '32', '799.6900', '814.6600', '90.4400');
INSERT INTO SBSD (SBSD_ID, SBSD_ISR_ID, SBSD_PARA, SBSD_HASTA, SBSD_CNTDD) VALUES ('295', '32', '814.6700', '1023.7500', '88.0600');
INSERT INTO SBSD (SBSD_ID, SBSD_ISR_ID, SBSD_PARA, SBSD_HASTA, SBSD_CNTDD) VALUES ('296', '32', '1023.7600', '1086.1900', '81.5500');
INSERT INTO SBSD (SBSD_ID, SBSD_ISR_ID, SBSD_PARA, SBSD_HASTA, SBSD_CNTDD) VALUES ('297', '32', '1086.2000', '1228.5700', '74.8300');
INSERT INTO SBSD (SBSD_ID, SBSD_ISR_ID, SBSD_PARA, SBSD_HASTA, SBSD_CNTDD) VALUES ('298', '32', '1228.5800', '1433.3200', '67.8300');
INSERT INTO SBSD (SBSD_ID, SBSD_ISR_ID, SBSD_PARA, SBSD_HASTA, SBSD_CNTDD) VALUES ('299', '32', '1433.3300', '1638.0700', '58.3800');
INSERT INTO SBSD (SBSD_ID, SBSD_ISR_ID, SBSD_PARA, SBSD_HASTA, SBSD_CNTDD) VALUES ('300', '32', '1638.0800', '1699.8800', '50.1200');
INSERT INTO SBSD (SBSD_ID, SBSD_ISR_ID, SBSD_PARA, SBSD_HASTA, SBSD_CNTDD) VALUES ('301', '32', '1699.8900', '999999.9900', '0.0000');
INSERT INTO SBSD (SBSD_ID, SBSD_ISR_ID, SBSD_PARA, SBSD_HASTA, SBSD_CNTDD) VALUES ('302', '33', '0.0100', '581.9000', '133.9000');
INSERT INTO SBSD (SBSD_ID, SBSD_ISR_ID, SBSD_PARA, SBSD_HASTA, SBSD_CNTDD) VALUES ('303', '33', '581.9100', '872.8000', '133.8000');
INSERT INTO SBSD (SBSD_ID, SBSD_ISR_ID, SBSD_PARA, SBSD_HASTA, SBSD_CNTDD) VALUES ('304', '33', '872.8100', '1142.4000', '133.8000');
INSERT INTO SBSD (SBSD_ID, SBSD_ISR_ID, SBSD_PARA, SBSD_HASTA, SBSD_CNTDD) VALUES ('305', '33', '1142.4100', '1163.8000', '129.2000');
INSERT INTO SBSD (SBSD_ID, SBSD_ISR_ID, SBSD_PARA, SBSD_HASTA, SBSD_CNTDD) VALUES ('306', '33', '1163.8100', '1462.5000', '125.8000');
INSERT INTO SBSD (SBSD_ID, SBSD_ISR_ID, SBSD_PARA, SBSD_HASTA, SBSD_CNTDD) VALUES ('307', '33', '1462.5100', '1551.7000', '116.5000');
INSERT INTO SBSD (SBSD_ID, SBSD_ISR_ID, SBSD_PARA, SBSD_HASTA, SBSD_CNTDD) VALUES ('308', '33', '1551.7100', '1755.1000', '106.9000');
INSERT INTO SBSD (SBSD_ID, SBSD_ISR_ID, SBSD_PARA, SBSD_HASTA, SBSD_CNTDD) VALUES ('309', '33', '1755.1100', '2047.6000', '96.9000');
INSERT INTO SBSD (SBSD_ID, SBSD_ISR_ID, SBSD_PARA, SBSD_HASTA, SBSD_CNTDD) VALUES ('310', '33', '2047.6100', '2340.1000', '83.4000');
INSERT INTO SBSD (SBSD_ID, SBSD_ISR_ID, SBSD_PARA, SBSD_HASTA, SBSD_CNTDD) VALUES ('311', '33', '2340.1100', '2428.4000', '71.6000');
INSERT INTO SBSD (SBSD_ID, SBSD_ISR_ID, SBSD_PARA, SBSD_HASTA, SBSD_CNTDD) VALUES ('312', '33', '2428.4100', '2428.4200', '0.0000');
INSERT INTO SBSD (SBSD_ID, SBSD_ISR_ID, SBSD_PARA, SBSD_HASTA, SBSD_CNTDD) VALUES ('313', '34', '0.0100', '872.8500', '200.8500');
INSERT INTO SBSD (SBSD_ID, SBSD_ISR_ID, SBSD_PARA, SBSD_HASTA, SBSD_CNTDD) VALUES ('314', '34', '872.8600', '1309.2000', '200.7000');
INSERT INTO SBSD (SBSD_ID, SBSD_ISR_ID, SBSD_PARA, SBSD_HASTA, SBSD_CNTDD) VALUES ('315', '34', '1309.2100', '1713.6000', '200.7000');
INSERT INTO SBSD (SBSD_ID, SBSD_ISR_ID, SBSD_PARA, SBSD_HASTA, SBSD_CNTDD) VALUES ('316', '34', '1713.6100', '1745.7000', '193.8000');
INSERT INTO SBSD (SBSD_ID, SBSD_ISR_ID, SBSD_PARA, SBSD_HASTA, SBSD_CNTDD) VALUES ('317', '34', '1745.7100', '2193.7500', '188.7000');
INSERT INTO SBSD (SBSD_ID, SBSD_ISR_ID, SBSD_PARA, SBSD_HASTA, SBSD_CNTDD) VALUES ('318', '34', '2193.7600', '2327.5500', '174.7500');
INSERT INTO SBSD (SBSD_ID, SBSD_ISR_ID, SBSD_PARA, SBSD_HASTA, SBSD_CNTDD) VALUES ('319', '34', '2327.5600', '2632.6500', '160.3500');
INSERT INTO SBSD (SBSD_ID, SBSD_ISR_ID, SBSD_PARA, SBSD_HASTA, SBSD_CNTDD) VALUES ('320', '34', '2632.6600', '3071.4000', '145.3500');
INSERT INTO SBSD (SBSD_ID, SBSD_ISR_ID, SBSD_PARA, SBSD_HASTA, SBSD_CNTDD) VALUES ('321', '34', '3071.4100', '3510.1500', '125.1000');
INSERT INTO SBSD (SBSD_ID, SBSD_ISR_ID, SBSD_PARA, SBSD_HASTA, SBSD_CNTDD) VALUES ('322', '34', '3510.1600', '3642.6000', '107.4000');
INSERT INTO SBSD (SBSD_ID, SBSD_ISR_ID, SBSD_PARA, SBSD_HASTA, SBSD_CNTDD) VALUES ('323', '34', '3642.6100', '3642.6200', '0.0000');
INSERT INTO SBSD (SBSD_ID, SBSD_ISR_ID, SBSD_PARA, SBSD_HASTA, SBSD_CNTDD) VALUES ('324', '35', '0.0100', '1768.9600', '407.0200');
INSERT INTO SBSD (SBSD_ID, SBSD_ISR_ID, SBSD_PARA, SBSD_HASTA, SBSD_CNTDD) VALUES ('325', '35', '1768.9700', '2653.3800', '406.8300');
INSERT INTO SBSD (SBSD_ID, SBSD_ISR_ID, SBSD_PARA, SBSD_HASTA, SBSD_CNTDD) VALUES ('326', '35', '2653.3900', '3472.8400', '406.6200');
INSERT INTO SBSD (SBSD_ID, SBSD_ISR_ID, SBSD_PARA, SBSD_HASTA, SBSD_CNTDD) VALUES ('327', '35', '3472.8500', '3537.8700', '392.7700');
INSERT INTO SBSD (SBSD_ID, SBSD_ISR_ID, SBSD_PARA, SBSD_HASTA, SBSD_CNTDD) VALUES ('328', '35', '3537.8800', '4446.1500', '382.4600');
INSERT INTO SBSD (SBSD_ID, SBSD_ISR_ID, SBSD_PARA, SBSD_HASTA, SBSD_CNTDD) VALUES ('329', '35', '4446.1600', '4717.1800', '354.2300');
INSERT INTO SBSD (SBSD_ID, SBSD_ISR_ID, SBSD_PARA, SBSD_HASTA, SBSD_CNTDD) VALUES ('330', '35', '4717.1900', '5335.4200', '324.8700');
INSERT INTO SBSD (SBSD_ID, SBSD_ISR_ID, SBSD_PARA, SBSD_HASTA, SBSD_CNTDD) VALUES ('331', '35', '5335.4300', '6224.6700', '294.6300');
INSERT INTO SBSD (SBSD_ID, SBSD_ISR_ID, SBSD_PARA, SBSD_HASTA, SBSD_CNTDD) VALUES ('332', '35', '6224.6800', '7113.9000', '253.5400');
INSERT INTO SBSD (SBSD_ID, SBSD_ISR_ID, SBSD_PARA, SBSD_HASTA, SBSD_CNTDD) VALUES ('333', '35', '7113.9100', '7382.3300', '217.6100');
INSERT INTO SBSD (SBSD_ID, SBSD_ISR_ID, SBSD_PARA, SBSD_HASTA, SBSD_CNTDD) VALUES ('334', '35', '7382.3400', '7382.3500', '0.0000');
